dt,timestamp,temp,feels_like,humidity,pressure,wind_speed,weather,clouds,visibility
1751433304,2025-07-02 05:15:04,33.5,38.97,55,1008,5.28,多云,80,10000
1751433665,2025-07-02 05:21:05,33.73,38.81,53,1008,5.28,多云,80,10000
1751437935,2025-07-02 06:32:15,29.19,30.04,51,1007,5.14,阴，多云,95,10000
1751440838,2025-07-02 07:20:38,29.22,30.64,55,1008,5.14,阴，多云,95,10000
1751444956,2025-07-02 08:29:16,30.27,32.94,58,1007,6.58,多云,75,10000
1751448290,2025-07-02 09:24:50,30.5,34.04,61,1007,6.69,多云,72,10000
1751451799,2025-07-02 10:23:19,29.55,32,60,1007,6.2,多云,71,10000
1751455106,2025-07-02 11:18:26,29.13,31.75,63,1008,5.42,多云,72,10000
1751460168,2025-07-02 12:42:48,28.9,31.33,63,1009,4.09,晴，少云,16,10000
1751463182,2025-07-02 13:33:02,28.49,31.18,67,1009,3.71,晴，少云,14,10000
1751466033,2025-07-02 14:20:33,28.4,31.62,71,1009,3.71,晴，少云,14,10000
1751469769,2025-07-02 15:22:49,28.32,32.24,76,1009,3.16,晴，少云,14,10000
1751473608,2025-07-02 16:26:48,27.74,31.05,77,1009,2.83,晴，少云,13,10000
1751476748,2025-07-02 17:19:08,27.64,31.22,80,1009,2.58,晴，少云,15,10000
1751480827,2025-07-02 18:27:07,27.31,30.67,82,1008,1.23,多云,54,10000
1751483612,2025-07-02 19:13:32,27.02,29.78,80,1008,0.72,阴，多云,99,10000
1751487662,2025-07-02 20:21:02,26.93,29.68,81,1008,0.49,阴，多云,95,10000
1751491182,2025-07-02 21:19:42,27.02,30.17,84,1008,0.78,阴，多云,88,10000
1751494754,2025-07-02 22:19:14,26.94,29.98,84,1008,1.38,阴，多云,91,10000
1751498457,2025-07-02 23:20:57,27.51,31.29,83,1009,1.82,阴，多云,93,10000
1751507215,2025-07-03 01:46:55,30.71,35.22,64,1008,1.82,阴，多云,100,10000
1751512839,2025-07-03 03:20:39,32.05,37.5,61,1008,1.55,阴，多云,100,10000
1751517163,2025-07-03 04:32:43,35.25,42.1,52,1007,1.16,阴，多云,100,10000
1751520260,2025-07-03 05:24:20,35.16,42.16,57,1007,1.16,阴，多云,100,10000
1751524323,2025-07-03 06:32:03,32.59,35.75,51,1006,0.76,阴，多云,100,10000
1751527221,2025-07-03 07:20:21,32.74,36.63,53,1006,0.76,阴，多云,100,10000
1751531302,2025-07-03 08:28:22,30.38,32.16,53,1005,0.93,阴，多云,100,10000
1751534594,2025-07-03 09:23:14,31.46,34.8,56,1005,1.25,阴，多云,100,10000
1751538170,2025-07-03 10:22:50,31.48,35.62,59,1005,1.81,阴，多云,100,10000
1751541498,2025-07-03 11:18:18,30.83,34.02,58,1005,2.17,阴，多云,100,10000
1751546506,2025-07-03 12:41:46,29.68,32.42,61,1006,3.1,阴，多云,100,10000
1751549256,2025-07-03 13:27:36,29.5,32.27,62,1006,3.1,阴，多云,100,10000
1751552414,2025-07-03 14:20:14,28.87,32.27,69,1007,4.2,阴，多云,100,10000
1751556138,2025-07-03 15:22:18,28.54,31.43,68,1007,3.77,阴，多云,100,10000
1751560004,2025-07-03 16:26:44,27.98,31.03,73,1007,3.55,阴，多云,100,10000
1751563254,2025-07-03 17:20:54,27.86,30.92,74,1007,3.2,阴，多云,100,10000
1751567377,2025-07-03 18:29:37,28.46,31.9,72,1006,2.04,阴，多云,98,10000
1751570190,2025-07-03 19:16:30,28.19,31.93,76,1006,1.56,阴，多云,100,10000
1751574134,2025-07-03 20:22:14,28.13,31.8,76,1006,1.17,阴，多云,100,10000
1751577555,2025-07-03 21:19:15,27.98,31.6,77,1006,1.2,阴，多云,100,10000
1751581165,2025-07-03 22:19:25,27.9,31.7,79,1006,0.97,阴，多云,100,10000
1751584801,2025-07-03 23:20:01,28.33,32.77,79,1006,0.99,阴，多云,98,10000
1751593595,2025-07-04 01:46:35,31.86,36.46,59,1006,0.82,晴,7,10000
1751599119,2025-07-04 03:18:39,32.65,37.34,56,1006,0.45,晴,8,10000
1751603232,2025-07-04 04:27:12,33.46,38.2,53,1005,0.3,晴,7,10000
1751606587,2025-07-04 05:23:07,34.25,38.6,49,1005,1.09,晴，少云,12,10000
1751610726,2025-07-04 06:32:06,34.77,37.09,41,1003,2.27,阴，多云,99,10000
1751613683,2025-07-04 07:21:23,35.19,39.59,46,1003,2.27,阴，多云,99,10000
1751617695,2025-07-04 08:28:15,35.25,39.01,44,1002,2.96,阴，多云,91,10000
1751620971,2025-07-04 09:22:51,34.29,38.02,47,1002,3.31,阴，多云,93,10000
1751624542,2025-07-04 10:22:22,33.26,36.82,50,1002,2.87,阴，多云,92,10000
1751627908,2025-07-04 11:18:28,32.16,35.17,52,1002,4.3,阴，多云,91,10000
1751632922,2025-07-04 12:42:02,30.85,33.83,57,1004,4.2,阴，多云,97,10000
1751635910,2025-07-04 13:31:50,29.99,33.01,61,1004,5.05,多云,61,10000
1751638790,2025-07-04 14:19:50,29.81,33.48,65,1004,5.05,多云,61,10000
1751642461,2025-07-04 15:21:01,29.45,32.92,66,1004,4.99,多云,43,10000
1751646361,2025-07-04 16:26:01,29.26,32.35,65,1004,4.47,多云,33,10000
1751649485,2025-07-04 17:18:05,29.1,32.57,68,1004,3.65,多云,27,10000
1751653707,2025-07-04 18:28:27,28.85,32.05,68,1003,3.06,晴，少云,22,10000
1751656393,2025-07-04 19:13:13,28.67,31.69,68,1003,3.33,晴,4,10000
1751660525,2025-07-04 20:22:05,28.28,31.52,72,1003,3.32,晴,5,10000
1751663975,2025-07-04 21:19:35,28.16,31.12,71,1003,2.8,晴,4,10000
1751667575,2025-07-04 22:19:35,28.32,32.08,75,1004,2.01,晴,3,10000
1751671152,2025-07-04 23:19:12,29.29,33.99,73,1004,1.95,晴,4,10000
1751679752,2025-07-05 01:42:32,32.24,37.33,59,1005,1.47,晴,6,10000
1751685186,2025-07-05 03:13:06,32.83,38.4,58,1004,0.83,晴,6,10000
1751689634,2025-07-05 04:27:14,34.24,39.64,52,1003,0.74,晴,9,10000
1751692543,2025-07-05 05:15:43,34.7,41.14,53,1003,1.54,晴，少云,13,10000
1751696923,2025-07-05 06:28:43,34.87,38.9,46,1002,2.16,多云,47,10000
1751699940,2025-07-05 07:19:00,35.46,41.37,49,1001,2.53,多云,83,10000
1751703946,2025-07-05 08:25:46,35.14,40.23,48,1001,2.53,小雨,90,10000
1751707199,2025-07-05 09:19:59,34.4,41.4,60,1000,2.56,小雨,82,10000
1751710823,2025-07-05 10:20:23,33.36,39.7,58,1000,2.75,多云,78,10000
1751714170,2025-07-05 11:16:10,32.6,38.51,60,1001,2.99,多云,78,10000
1751719119,2025-07-05 12:38:39,31.43,35.78,60,1002,3.71,阴，多云,89,10000
1751722090,2025-07-05 13:28:10,31.2,37.52,68,1002,3.71,阴，多云,89,10000
1751725188,2025-07-05 14:19:48,30.72,36.03,67,1003,4.82,阴，多云,93,10000
1751728512,2025-07-05 15:15:12,30.5,36.29,70,1003,5.83,多云,68,10000
1751732643,2025-07-05 16:24:03,30.22,35.58,70,1003,6.26,多云,72,10000
1751735833,2025-07-05 17:17:13,29.68,34.5,71,1003,5.57,多云,74,10000
1751739922,2025-07-05 18:25:22,28.76,32.74,73,1003,3.17,多云,76,10000
1751742972,2025-07-05 19:16:12,28.46,32.4,75,1003,2.75,阴，多云,100,10000
1751746859,2025-07-05 20:20:59,28.38,32.38,76,1003,2.03,阴，多云,100,10000
1751750336,2025-07-05 21:18:56,27.93,32.08,81,1003,1.93,阴，多云,100,10000
1751753907,2025-07-05 22:18:27,28.16,32.67,81,1003,1.96,阴，多云,100,10000
1751757556,2025-07-05 23:19:16,28.7,33.72,79,1004,2.48,阴，多云,100,10000
1751766783,2025-07-06 01:53:03,32.18,36.59,57,1004,1.77,多云,79,10000
1751772435,2025-07-06 03:27:15,33.19,38.93,57,1003,2.63,多云,61,10000
1751776396,2025-07-06 04:33:16,34.69,39.22,48,1001,4.05,多云,50,10000
1751779226,2025-07-06 05:20:26,34.7,40.74,52,1001,4.05,多云,50,10000
1751783371,2025-07-06 06:29:31,35.7,40.73,46,1001,3.99,多云,55,10000
1751786319,2025-07-06 07:18:39,36.16,41.79,46,1000,3.67,阴，多云,99,10000
1751790328,2025-07-06 08:25:28,35.14,39.13,45,1000,3.14,阴，多云,99,10000
1751793578,2025-07-06 09:19:38,34.07,36.36,43,999,3.54,小雨,95,10000
1751797266,2025-07-06 10:21:06,33.78,37.28,48,999,2.54,小雨,94,10000
1751800643,2025-07-06 11:17:23,33.04,35.81,48,1000,1.41,小雨,96,10000
1751805555,2025-07-06 12:39:15,31.19,35,59,1002,4.47,阴，多云,100,10000
1751808528,2025-07-06 13:28:48,30.86,35.56,64,1002,4.47,阴，多云,100,10000
1751811418,2025-07-06 14:16:58,30.53,34.57,63,1003,4.67,阴，多云,99,10000
1751815184,2025-07-06 15:19:44,30.1,34.33,66,1003,4.73,阴，多云,100,10000
1751819059,2025-07-06 16:24:19,29.79,34.3,69,1003,3.82,阴，多云,100,10000
1751822260,2025-07-06 17:17:40,29.51,33.87,70,1003,3.15,阴，多云,100,10000
1751826444,2025-07-06 18:27:24,29.21,33.39,71,1002,2.7,阴，多云,100,10000
1751829385,2025-07-06 19:16:25,28.98,33.06,72,1002,3.01,阴，多云,100,10000
1751833317,2025-07-06 20:21:57,28.57,32.48,74,1002,2.89,阴，多云,100,10000
1751836720,2025-07-06 21:18:40,28.22,31.85,75,1002,2.19,阴，多云,100,10000
1751840413,2025-07-06 22:20:13,28.73,33.41,77,1003,2.26,阴，多云,100,10000
1751843820,2025-07-06 23:17:00,28.97,33.23,73,1003,2.7,阴，多云,99,10000
1751853130,2025-07-07 01:52:10,31.85,36.44,59,1003,2.5,阴，多云,100,10000
1751858736,2025-07-07 03:25:36,33.31,38.87,56,1003,2.88,阴，多云,100,10000
1751862896,2025-07-07 04:34:56,34.58,39.33,49,1002,3.63,阴，多云,93,10000
1751865847,2025-07-07 05:24:07,34.94,40.53,50,1002,3.63,阴，多云,93,10000
1751869999,2025-07-07 06:33:19,35.97,39.8,42,1000,4.45,晴，少云,16,10000
1751872917,2025-07-07 07:21:57,36.42,40.76,42,1000,3.85,阴，多云,100,10000
1751877030,2025-07-07 08:30:30,37.23,40.9,38,999,3.25,阴，多云,85,10000
1751880323,2025-07-07 09:25:23,36.91,41.42,41,999,3.25,阴，多云,85,10000
1751883838,2025-07-07 10:23:58,35.52,40.71,47,999,3.56,多云,77,10000
1751887089,2025-07-07 11:18:09,33.56,37.76,51,1000,3.3,多云,74,10000
1751892191,2025-07-07 12:43:11,32.26,36.19,55,1001,3.38,晴,6,10000
1751895212,2025-07-07 13:33:32,31.83,36.39,59,1002,3.67,多云,52,10000
1751898063,2025-07-07 14:21:03,31.77,36.54,60,1002,3.67,多云,52,10000
1751901562,2025-07-07 15:19:22,31.31,37.2,66,1002,4.52,多云,34,10000
1751905506,2025-07-07 16:25:06,30.66,36.42,69,1003,4.01,多云,26,10000
1751908718,2025-07-07 17:18:38,30.39,35.49,68,1002,3.99,晴，少云,21,10000
1751913015,2025-07-07 18:30:15,29.83,34.4,69,1002,3.58,多云,67,10000
1751915869,2025-07-07 19:17:49,29.74,34.64,71,1002,3.58,多云,67,10000
1751919629,2025-07-07 20:20:29,29.5,34.51,73,1001,3.24,多云,83,10000
1751923183,2025-07-07 21:19:43,29.27,34.16,74,1002,2.53,阴，多云,88,10000
1751926817,2025-07-07 22:20:17,29.25,34.11,74,1002,2.85,多云,83,10000
1751930337,2025-07-07 23:18:57,29.91,35.55,73,1003,2.85,阴，多云,88,10000
1751939248,2025-07-08 01:47:28,32.29,36.84,57,1003,2.99,阴，多云,100,10000
1751944806,2025-07-08 03:20:06,33.22,37.99,54,1003,3.24,阴，多云,94,10000
1751949073,2025-07-08 04:31:13,34.49,38.44,47,1001,3.81,阴，多云,92,10000
1751952107,2025-07-08 05:21:47,34.39,38.56,48,1002,3.81,阴，多云,92,10000
1751956351,2025-07-08 06:32:31,34.11,37.64,47,1000,3.5,阴，多云,100,10000
1751959269,2025-07-08 07:21:09,34.24,37.59,46,1000,3.5,阴，多云,100,10000
1751963362,2025-07-08 08:29:22,33.81,36.73,46,999,2.78,阴，多云,100,10000
1751966513,2025-07-08 09:21:53,33.67,36.46,46,999,2.67,阴，多云,100,10000
1751970177,2025-07-08 10:22:57,33.01,36.6,51,999,4.02,阴，多云,100,10000
1751973520,2025-07-08 11:18:40,31.94,34.99,53,999,4.6,阴，多云,100,10000
1751978638,2025-07-08 12:43:58,30.81,34.69,61,1001,5.01,阴，多云,100,10000
1751981661,2025-07-08 13:34:21,30.5,34.5,63,1001,4.13,阴，多云,100,10000
1751984403,2025-07-08 14:20:03,30.36,34.67,65,1001,4.13,中雨,100,10000
1751988173,2025-07-08 15:22:53,30.08,34.28,66,1002,3.55,小雨,100,10000
1751992078,2025-07-08 16:27:58,29.97,34.49,68,1002,3.36,小雨,100,10000
1751995145,2025-07-08 17:19:05,29.68,34.27,70,1002,3.42,阴，多云,100,10000
1751999436,2025-07-08 18:30:36,29.2,33.17,70,1000,3.12,阴，多云,100,10000
1752002202,2025-07-08 19:16:42,29.08,33.49,73,1000,3.12,阴，多云,100,10000
1752006229,2025-07-08 20:23:49,29.04,33.59,74,1000,2.82,阴，多云,97,10000
1752009604,2025-07-08 21:20:04,28.94,33.55,75,1000,2.49,多云,72,10000
1752013216,2025-07-08 22:20:16,28.94,33.55,75,1000,1.61,多云,54,10000
1752016835,2025-07-08 23:20:35,29.36,34.38,74,1001,1.59,多云,45,10000
1752025727,2025-07-09 01:48:47,32.1,37.31,60,1001,2.05,多云,78,10000
1752031360,2025-07-09 03:22:40,33.46,39.59,57,1000,2.49,多云,82,10000
1752035434,2025-07-09 04:30:34,34.38,38.89,49,999,3.36,阴，多云,89,10000
1752038718,2025-07-09 05:25:18,34.45,39.04,49,999,3.36,阴，多云,89,10000
1752042441,2025-07-09 06:27:21,35.34,40.3,47,998,3.28,阴，多云,88,10000
1752045681,2025-07-09 07:21:21,35.57,38.97,42,997,3.89,阴，多云,99,10000
1752049754,2025-07-09 08:29:14,35.16,38.15,42,996,3.7,阴，多云,100,10000
1752052989,2025-07-09 09:23:09,34.8,37.76,43,996,3.16,阴，多云,100,10000
1752056634,2025-07-09 10:23:54,34.06,36.93,45,996,3.06,小雨,100,10000
1752059926,2025-07-09 11:18:46,32.77,35.83,50,996,4.57,阴，多云,100,10000
1752065033,2025-07-09 12:43:53,31.73,35.89,58,997,4.88,阴，多云,100,10000
1752068048,2025-07-09 13:34:08,31.23,35.87,62,998,4.23,小雨,100,10000
1752070841,2025-07-09 14:20:41,31.04,35.98,64,998,4.23,大雨,100,10000
1752074607,2025-07-09 15:23:27,30.25,35.15,68,998,4.32,大雨,100,10000
1752078400,2025-07-09 16:26:40,29.69,34.52,71,998,3.84,大雨,100,10000
1752081603,2025-07-09 17:20:03,28.96,33.6,75,998,3.58,中雨,100,10000
1752085864,2025-07-09 18:31:04,29.23,33.85,73,996,2.99,小雨,100,10000
1752088635,2025-07-09 19:17:15,29.2,33.77,73,996,3.29,小雨,100,10000
1752092622,2025-07-09 20:23:42,28.25,32.73,80,996,2.67,阴，多云,100,10000
1752095992,2025-07-09 21:19:52,28.1,32.35,80,996,2.86,阴，多云,100,10000
1752099617,2025-07-09 22:20:17,28.27,32.96,81,996,2.58,阴，多云,100,10000
1752103224,2025-07-09 23:20:24,29.05,34.88,80,997,2.67,阴，多云,100,10000
1752112128,2025-07-10 01:48:48,29.45,33.53,69,997,2.7,阴，多云,100,10000
1752117619,2025-07-10 03:20:19,30.33,35.09,67,997,2.21,阴，多云,100,10000
1752121989,2025-07-10 04:33:09,32.09,36.39,57,996,3.56,多云,83,10000
1752125033,2025-07-10 05:23:53,31.89,36.82,60,996,3.56,多云,83,10000
1752129166,2025-07-10 06:32:46,31.59,36.42,61,995,4.7,阴，多云,99,10000
1752132088,2025-07-10 07:21:28,31.29,37.15,66,995,4.7,小雨,99,10000
1752136046,2025-07-10 08:27:26,30.93,36.54,67,994,5.64,小雨,99,10000
1752139504,2025-07-10 09:25:04,31.12,37.02,67,995,5.45,阴，多云,100,10000
1752143020,2025-07-10 10:23:40,30.99,36.13,65,994,4.83,阴，多云,100,10000
1752146307,2025-07-10 11:18:27,30.38,35.46,68,995,4.39,阴，多云,100,10000
1752151491,2025-07-10 12:44:51,27.44,30.51,78,997,5,小雨,100,10000
1752154531,2025-07-10 13:35:31,26.85,29.41,80,998,4.43,大雨,100,10000
1752157307,2025-07-10 14:21:47,26.91,29.37,78,997,4.43,中雨,100,10000
1752161083,2025-07-10 15:24:43,26.77,29.16,79,998,3.06,中雨,100,10000
1752164871,2025-07-10 16:27:51,26.6,26.6,78,997,1.31,中雨,100,10000
1752168022,2025-07-10 17:20:22,26.68,28.82,77,997,0.82,阴，多云,100,10000
1752172220,2025-07-10 18:30:20,27.2,30.08,79,996,1.66,阴，多云,100,10000
1752174936,2025-07-10 19:15:36,26.88,29.48,80,996,1.66,阴，多云,100,10000
1752179024,2025-07-10 20:23:44,27.17,29.92,78,996,2.29,阴，多云,100,10000
1752182481,2025-07-10 21:21:21,27.13,29.73,77,996,2.62,阴，多云,100,10000
1752185995,2025-07-10 22:19:55,27.29,30.18,78,997,2.76,阴，多云,100,10000
1752189610,2025-07-10 23:20:10,27.56,30.41,75,997,3.01,阴，多云,100,10000
1752198629,2025-07-11 01:50:29,26.38,26.38,83,999,2.37,阴，多云,100,10000
1752205019,2025-07-11 03:36:59,26.33,26.33,80,999,1.62,阴，多云,100,10000
1752208540,2025-07-11 04:35:40,26.67,29.02,80,999,1.61,阴，多云,100,10000
1752211430,2025-07-11 05:23:50,26.73,28.77,75,999,1.61,阴，多云,100,10000
1752215538,2025-07-11 06:32:18,27,29.46,77,999,0.95,小雨,100,10000
1752218515,2025-07-11 07:21:55,27.38,30.49,79,999,0.95,小雨,100,10000
1752222531,2025-07-11 08:28:51,27.51,31.03,81,999,1.64,阴，多云,100,10000
1752225824,2025-07-11 09:23:44,27.71,31.52,81,999,1.94,阴，多云,100,10000
1752229389,2025-07-11 10:23:09,27.5,30.88,80,999,1.97,阴，多云,100,10000
1752232724,2025-07-11 11:18:44,27.29,30.4,80,1000,1.75,阴，多云,100,10000
1752237743,2025-07-11 12:42:23,26.59,26.59,85,1002,1.33,阴，多云,100,10000
1752240791,2025-07-11 13:33:11,26.61,26.61,86,1003,1.15,阴，多云,100,10000
1752243660,2025-07-11 14:21:00,26.56,26.56,87,1002,1.15,阴，多云,100,10000
1752247385,2025-07-11 15:23:05,26.51,26.51,87,1003,1.39,阴，多云,100,10000
1752251220,2025-07-11 16:27:00,26.56,26.56,88,1003,0.87,阴，多云,100,10000
1752254372,2025-07-11 17:19:32,26.38,26.38,88,1002,0.97,阴，多云,100,10000
1752258602,2025-07-11 18:30:02,26.51,26.51,89,1002,1.05,阴，多云,100,5114
1752261427,2025-07-11 19:17:07,26.56,26.56,89,1002,1.05,阴，多云,100,5114
1752265432,2025-07-11 20:23:52,26.45,26.45,90,1002,1.14,阴，多云,100,6634
1752268807,2025-07-11 21:20:07,26.36,26.36,90,1002,1.36,阴，多云,94,9912
1752272122,2025-07-11 22:15:22,26.36,26.36,90,1003,1.52,阴，多云,91,8756
1752276016,2025-07-11 23:20:16,26.76,29.97,89,1004,1.51,阴，多云,88,3941
1752285107,2025-07-12 01:51:47,29.91,35.55,73,1005,2.42,阴，多云,100,10000
1752290758,2025-07-12 03:25:58,31.04,38.01,71,1005,2.45,阴，多云,100,10000
1752294726,2025-07-12 04:32:06,32.15,39.15,66,1004,1.89,阴，多云,100,10000
1752297662,2025-07-12 05:21:02,31.75,38.75,74,1004,1.89,阴，多云,100,10000
1752301783,2025-07-12 06:29:43,31.15,38.15,74,1004,3.84,阴，多云,100,10000
1752304787,2025-07-12 07:19:47,30.67,37.67,75,1004,3.92,阴，多云,100,10000
1752308573,2025-07-12 08:22:53,30.46,37.46,77,1003,3.6,阴，多云,100,10000
1752312044,2025-07-12 09:20:44,30.5,37.5,79,1003,3.45,阴，多云,100,10000
1752315522,2025-07-12 10:18:42,30.33,37.33,77,1003,3.43,阴，多云,100,10000
1752319059,2025-07-12 11:17:39,29.74,36.74,82,1004,4.01,阴，多云,100,10000
1752323981,2025-07-12 12:39:41,29.2,35.54,81,1005,3.76,阴，多云,100,10000
1752326956,2025-07-12 13:29:16,29.15,36.1,84,1005,3.76,阴，多云,100,10000
1752329910,2025-07-12 14:18:30,28.65,34.79,85,1006,3.33,阴，多云,100,10000
1752333632,2025-07-12 15:20:32,28.4,33.86,84,1006,2.78,阴，多云,100,10000
1752337465,2025-07-12 16:24:25,28.24,33.95,87,1006,2.44,阴，多云,100,10000
1752340639,2025-07-12 17:17:19,27.97,33.14,87,1006,2.24,阴，多云,100,10000
1752344886,2025-07-12 18:28:06,27.91,32.8,86,1005,1.79,阴，多云,100,10000
1752347769,2025-07-12 19:16:09,27.73,32.75,89,1005,1.52,阴，多云,100,10000
1752351711,2025-07-12 20:21:51,27.72,32.87,90,1005,1.5,阴，多云,100,10000
1752355116,2025-07-12 21:18:36,27.74,32.93,90,1005,1.58,阴，多云,100,10000
1752358528,2025-07-12 22:15:28,27.67,32.72,90,1005,1.73,阴，多云,100,10000
1752362447,2025-07-12 23:20:47,28.37,34.74,89,1006,1.86,小雨,99,10000
1752371991,2025-07-13 01:59:51,31.69,38.69,69,1007,3.24,阴，多云,100,10000
1752378200,2025-07-13 03:43:20,30.66,34.37,61,1006,4,阴，多云,99,10000
1752381339,2025-07-13 04:35:39,30.94,35.22,62,1005,4.31,阴，多云,99,10000
1752383905,2025-07-13 05:18:25,31.13,36.47,65,1005,4.31,阴，多云,99,10000
1752388230,2025-07-13 06:30:30,30.86,33.85,57,1004,4.14,阴，多云,100,10000
1752391265,2025-07-13 07:21:05,32.7,38.42,59,1004,4.14,阴，多云,100,10000
1752395148,2025-07-13 08:25:48,32.76,39.76,69,1003,4.11,阴，多云,100,10000
1752398319,2025-07-13 09:18:39,32.58,39.58,68,1003,3.78,阴，多云,100,10000
1752402143,2025-07-13 10:22:23,32.02,39.02,70,1003,3.61,阴，多云,100,10000
1752405407,2025-07-13 11:16:47,31.22,38.22,72,1004,3.56,阴，多云,100,10000
1752410427,2025-07-13 12:40:27,30.23,35.35,69,1005,3.77,阴，多云,100,10000
1752413394,2025-07-13 13:29:54,30.05,36.98,77,1005,3.77,阴，多云,100,10000
1752416308,2025-07-13 14:18:28,29.73,36.07,77,1006,3.36,阴，多云,100,10000
1752419836,2025-07-13 15:17:16,29.58,35.9,78,1006,3.19,阴，多云,98,10000
1752423902,2025-07-13 16:25:02,29.32,35.41,79,1006,3.17,阴，多云,99,10000
1752427050,2025-07-13 17:17:30,29.13,35.11,80,1005,2.8,阴，多云,99,10000
1752431289,2025-07-13 18:28:09,28.54,34.07,83,1005,2.21,阴，多云,100,10000
1752434184,2025-07-13 19:16:24,28.38,33.8,84,1005,2.1,阴，多云,100,10000
1752437989,2025-07-13 20:19:49,28.24,33.58,85,1004,1.87,阴，多云,100,10000
1752441532,2025-07-13 21:18:52,28.15,33.32,85,1004,1.49,阴，多云,100,10000
1752445201,2025-07-13 22:20:01,28.26,33.82,86,1004,1.08,阴，多云,100,10000
1752448879,2025-07-13 23:21:19,29.47,36.47,85,1005,0.99,阴，多云,100,10000
1752458114,2025-07-14 01:55:14,31.56,37.23,64,1005,1.77,阴，多云,100,10000
1752464519,2025-07-14 03:41:59,34.06,41.06,58,1004,2.79,阴，多云,100,10000
1752468132,2025-07-14 04:42:12,35.53,42.53,53,1003,3.73,阴，多云,100,10000
1752470790,2025-07-14 05:26:30,35.65,42.65,55,1003,3.73,阴，多云,100,10000
1752474874,2025-07-14 06:34:34,35.63,42.21,50,1002,5.2,阴，多云,100,10000
1752477898,2025-07-14 07:24:58,34.6,41.6,66,1002,5.2,阴，多云,100,10000
1752481643,2025-07-14 08:27:23,34.5,41.5,66,1002,4.92,阴，多云,100,10000
1752485330,2025-07-14 09:28:50,33.68,40.68,66,1001,4.6,阴，多云,100,10000
1752488681,2025-07-14 10:24:41,33.07,40.07,68,1001,4.03,阴，多云,100,10000
1752491957,2025-07-14 11:19:17,31.78,38.78,71,1001,3.3,阴，多云,100,10000
1752497153,2025-07-14 12:45:53,30.33,35.34,68,1003,2.44,中雨,100,10000
1752500211,2025-07-14 13:36:51,30.38,36.25,71,1003,2.76,中雨,100,10000
1752502947,2025-07-14 14:22:27,30.33,36.66,73,1003,2.76,中雨,100,10000
1752506370,2025-07-14 15:19:30,29.93,35.85,74,1003,2.89,小雨,96,10000
1752510493,2025-07-14 16:28:13,29.78,35.46,74,1003,2.69,阴，多云,97,10000
1752513616,2025-07-14 17:20:16,29.41,35.19,77,1003,2.92,阴，多云,97,10000
1752517984,2025-07-14 18:33:04,28.82,33.25,75,1002,3.26,阴，多云,100,10000
1752520416,2025-07-14 19:13:36,28.91,34.07,78,1002,3.26,阴，多云,100,10000
1752524691,2025-07-14 20:24:51,28.69,33.89,80,1002,3.22,阴，多云,100,10000
1752528048,2025-07-14 21:20:48,28.64,33.95,81,1002,3.49,阴，多云,100,10000
1752531501,2025-07-14 22:18:21,28.74,34.43,82,1002,3.23,阴，多云,100,10000
1752535081,2025-07-14 23:18:01,29.01,35.44,83,1003,2.87,阴，多云,100,10000
1752544525,2025-07-15 01:55:25,30.79,35.14,63,1003,2.41,阴，多云,100,10000
1752550525,2025-07-15 03:35:25,33.28,38.46,55,1003,3.26,阴，多云,100,10000
1752554383,2025-07-15 04:39:43,33.73,39.16,54,1002,3.7,阴，多云,100,10000
1752556851,2025-07-15 05:20:51,33.64,39.67,56,1002,3.7,阴，多云,100,10000
1752561229,2025-07-15 06:33:49,32.65,35.87,51,1001,4,阴，多云,100,10000
1752564183,2025-07-15 07:23:03,33.03,37.56,54,1001,4,阴，多云,100,10000
1752568193,2025-07-15 08:29:53,32.33,36.05,54,1001,3.84,阴，多云,100,10000
1752571797,2025-07-15 09:29:57,32.53,36.77,55,1001,3.67,阴，多云,100,10000
1752575018,2025-07-15 10:23:38,31.67,34.72,54,1000,3.77,阴，多云,100,10000
1752578357,2025-07-15 11:19:17,31.01,34.38,58,1000,3.92,阴，多云,100,10000
1752583592,2025-07-15 12:46:32,30.33,33.91,62,1002,3.82,阴，多云,96,10000
1752586633,2025-07-15 13:37:13,30.01,33.9,65,1003,4.11,阴，多云,91,10000
1752589247,2025-07-15 14:20:47,29.97,34.49,68,1003,4.11,阴，多云,91,10000
1752592944,2025-07-15 15:22:24,29.38,33.17,68,1003,4.17,多云,70,10000
1752596901,2025-07-15 16:28:21,29.26,33.51,71,1003,3.9,多云,60,10000
1752599988,2025-07-15 17:19:48,29.15,33.65,73,1003,3.84,多云,66,10000
1752604376,2025-07-15 18:32:56,29.39,35.14,77,1002,3.74,多云,48,10000
1752607118,2025-07-15 19:18:38,29.29,35.09,78,1002,3.74,多云,48,10000
1752611109,2025-07-15 20:25:09,29.23,35.16,79,1002,3.51,多云,63,10000
1752614435,2025-07-15 21:20:35,29.15,35.16,80,1003,3.14,多云,48,10000
1752618095,2025-07-15 22:21:35,29.1,35.48,82,1003,2.82,多云,38,10000
1752621590,2025-07-15 23:19:50,29.34,35.7,80,1004,3.1,多云,32,10000
1752630730,2025-07-16 01:52:10,32.02,38.38,64,1004,2.91,多云,46,10000
1752637007,2025-07-16 03:36:47,33.35,39.32,57,1004,3.38,多云,49,10000
1752640712,2025-07-16 04:38:32,34.14,39.77,53,1003,3.8,多云,57,10000
1752643594,2025-07-16 05:26:34,34.14,40.53,55,1003,3.8,多云,57,10000
1752647620,2025-07-16 06:33:40,35.06,40.05,48,1002,3,多云,79,10000
1752650575,2025-07-16 07:22:55,34.84,41.08,52,1002,3,多云,79,10000
1752654608,2025-07-16 08:30:08,33.3,36.03,47,1001,1.96,阴，多云,87,10000
1752657772,2025-07-16 09:22:52,33.33,36.66,49,1001,1.96,阴，多云,87,10000
1752661292,2025-07-16 10:21:32,32.5,36.12,53,1001,1.37,多云,81,10000
1752664744,2025-07-16 11:19:04,31.8,35.49,56,1001,1.66,多云,83,10000
1752669829,2025-07-16 12:43:49,31.19,36.05,63,1002,4.79,阴，多云,99,10000
1752672984,2025-07-16 13:36:24,30.67,35.64,66,1003,4.21,阴，多云,99,10000
1752675629,2025-07-16 14:20:29,30.58,35.43,66,1002,4.21,阴，多云,99,10000
1752679388,2025-07-16 15:23:08,30.44,35.87,69,1003,3.97,阴，多云,100,10000
1752683335,2025-07-16 16:28:55,30.28,35.99,71,1003,3.37,阴，多云,100,10000
1752686486,2025-07-16 17:21:26,30.19,35.51,70,1003,3.1,阴，多云,100,10000
1752690731,2025-07-16 18:32:11,29.82,35.56,74,1003,2.29,阴，多云,100,10000
1752693495,2025-07-16 19:18:15,29.86,35.67,74,1003,2.29,阴，多云,100,10000
1752697478,2025-07-16 20:24:38,29.47,35.83,79,1003,2.28,阴，多云,100,10000
1752700868,2025-07-16 21:21:08,29.22,35.36,80,1002,2.27,阴，多云,100,10000
1752704403,2025-07-16 22:20:03,29.44,35.51,78,1003,2.17,阴，多云,100,10000
1752708067,2025-07-16 23:21:07,29.67,35.65,76,1003,2.06,阴，多云,100,10000
1752717156,2025-07-17 01:52:36,32.24,39.24,65,1004,1.76,阴，多云,99,10000
1752723400,2025-07-17 03:36:40,34.54,41.54,56,1003,2.74,阴，多云,96,10000
1752726883,2025-07-17 04:34:43,34.93,40.9,51,1002,3.44,阴，多云,96,10000
1752729958,2025-07-17 05:25:58,34.94,41.94,57,1003,3.44,阴，多云,96,10000
1752733822,2025-07-17 06:30:22,35.88,39.98,43,1000,3.02,阴，多云,94,10000
1752736981,2025-07-17 07:23:01,35.47,42.47,53,1001,3.02,阴，多云,94,10000
1752740994,2025-07-17 08:29:54,35.5,42.31,51,1000,2.83,阴，多云,97,10000
1752744393,2025-07-17 09:26:33,35.14,41.41,51,1000,2.15,阴，多云,98,10000
1752747913,2025-07-17 10:25:13,33.86,38.76,52,1000,2.08,阴，多云,99,10000
1752751166,2025-07-17 11:19:26,33.47,38.9,55,1000,1.47,阴，多云,99,10000
1752756363,2025-07-17 12:46:03,32.7,37.14,55,1001,1.77,阴，多云,100,10000
1752759455,2025-07-17 13:37:35,32.29,37.45,59,1001,1.2,阴，多云,100,10000
1752762018,2025-07-17 14:20:18,32.4,39.4,67,1001,1.2,阴，多云,100,10000
1752765858,2025-07-17 15:24:18,32.14,39.14,69,1002,0.46,阴，多云,100,10000
1752769712,2025-07-17 16:28:32,31.72,38.72,72,1001,1,阴，多云,100,10000
1752772777,2025-07-17 17:19:37,31.56,38.56,72,1001,1.34,阴，多云,100,10000
1752777175,2025-07-17 18:32:55,30.86,37.23,70,1000,2.42,阴，多云,100,10000
1752779898,2025-07-17 19:18:18,30.77,37.77,74,1000,2.42,阴，多云,100,10000
1752783877,2025-07-17 20:24:37,30.7,37.7,75,1000,2.44,多云,63,10000
1752786937,2025-07-17 21:15:37,30.24,37.24,77,1000,2.32,多云,75,10000
1752790886,2025-07-17 22:21:26,30.07,37.04,77,1000,2.19,多云,81,10000
1752794214,2025-07-17 23:16:54,30.98,37.98,76,1000,2.34,阴，多云,85,10000
1752803440,2025-07-18 01:50:40,32.62,39.62,65,1001,2.15,阴，多云,100,10000
1752809665,2025-07-18 03:34:25,34.37,41.37,58,999,2.93,阴，多云,100,10000
1752813563,2025-07-18 04:39:23,35.31,42.31,57,999,1.9,小雨,100,10000
1752816290,2025-07-18 05:24:50,35.13,42.13,60,999,1.9,阴，多云,100,10000
1752820392,2025-07-18 06:33:12,34.56,40.02,51,997,0.81,阴，多云,100,10000
1752823348,2025-07-18 07:22:28,34.83,41.83,54,997,0.81,阴，多云,100,10000
1752827142,2025-07-18 08:25:42,34.27,40.08,53,996,1.03,小雨,100,10000
1752830772,2025-07-18 09:26:12,33.12,40.12,63,996,2,中雨,100,10000
1752834256,2025-07-18 10:24:16,31.88,38.88,73,996,3.75,中雨,100,10000
1752837523,2025-07-18 11:18:43,31.27,38.27,72,997,4.5,小雨,100,10000
1752842851,2025-07-18 12:47:31,29.14,36.14,90,998,2.3,阴，多云,100,10000
1752845835,2025-07-18 13:37:15,28.67,34.04,81,998,3.33,阴，多云,100,10000
1752848243,2025-07-18 14:17:23,28.6,34.24,83,999,3.33,阴，多云,100,10000
1752852070,2025-07-18 15:21:10,28.68,34.47,83,998,1.7,小雨,100,10000
1752856125,2025-07-18 16:28:45,28.61,34.27,83,998,1.44,阴，多云,100,10000
1752859274,2025-07-18 17:21:14,28.56,34.12,83,997,1.67,阴，多云,100,10000
1752863463,2025-07-18 18:31:03,28.46,33.1,79,996,2.47,中雨,99,10000
1752866267,2025-07-18 19:17:47,27.66,32.1,86,996,2.47,大雨,99,10000
1752870239,2025-07-18 20:23:59,27.65,31.93,85,996,2.55,中雨,97,10000
1752873646,2025-07-18 21:20:46,27.37,31.43,87,996,2.02,阴，多云,99,10000
1752877146,2025-07-18 22:19:06,27.33,31.32,87,996,2.12,中雨,99,10000
1752880840,2025-07-18 23:20:40,27.89,31.97,81,996,2.18,大雨,99,10000
1752889565,2025-07-19 01:46:05,31.77,37.13,62,995,5.01,晴,5,10000
1752895172,2025-07-19 03:19:32,32.91,38.6,58,995,5.71,晴，少云,24,10000
1752899537,2025-07-19 04:32:17,35.06,40.43,49,993,6.14,多云,31,10000
1752902556,2025-07-19 05:22:36,35.13,40.99,50,993,6.14,多云,31,10000
1752906452,2025-07-19 06:27:32,34.74,40.84,52,992,7.26,多云,44,10000
1752909569,2025-07-19 07:19:29,33.64,38.61,53,992,6.78,阴，多云,100,10000
1752913586,2025-07-19 08:26:26,32.71,35.99,51,991,6.47,阴，多云,100,10000
1752916877,2025-07-19 09:21:17,29.77,31.02,52,991,7.71,阴，多云,100,10000
1752920536,2025-07-19 10:22:16,28.85,30.22,56,991,6.8,阴，多云,100,10000
1752923850,2025-07-19 11:17:30,31.38,35.67,60,991,6.06,阴，多云,100,10000
1752928864,2025-07-19 12:41:04,29.93,34.63,69,993,5.78,小雨,99,10000
1752931834,2025-07-19 13:30:34,29.09,33.51,73,993,3.36,中雨,100,9419
1752934676,2025-07-19 14:17:56,29,33.1,72,994,3.36,小雨,100,9419
1752938460,2025-07-19 15:21:00,28.89,32.85,72,994,3.35,大雨,100,10000
1752942333,2025-07-19 16:25:33,28.65,32.32,72,993,4.26,大雨,100,10000
1752945539,2025-07-19 17:18:59,28.67,32.19,71,992,4.08,大雨,100,10000
1752949742,2025-07-19 18:29:02,28.45,31.72,71,991,2.96,阴，多云,100,10000
1752952570,2025-07-19 19:16:10,27.93,31.34,76,991,5.21,阴，多云,100,10000
1752956572,2025-07-19 20:22:52,27.9,31.56,78,991,4.51,小雨,100,10000
1752959809,2025-07-19 21:16:49,27.83,31.12,76,990,5.37,小雨,100,10000
1752963599,2025-07-19 22:19:59,27.79,30.77,74,990,7.18,小雨,100,10000
1752967353,2025-07-19 23:22:33,28.08,31.24,73,990,8.25,阴，多云,100,10000
1752976870,2025-07-20 02:01:10,27.75,30.81,75,989,9.83,中雨,100,10000
1752984300,2025-07-20 04:05:00,27.53,30.35,75,987,12.06,中雨,100,10000
1752989181,2025-07-20 05:26:21,27.29,29.86,75,987,12.36,小雨,100,9929
1752993036,2025-07-20 06:30:36,26.83,29.62,83,986,12.83,中雨,100,3148
1752995767,2025-07-20 07:16:07,27.07,29.7,78,988,12.83,中雨,100,3148
1753000016,2025-07-20 08:26:56,26.9,29.7,82,989,11.01,大雨,100,10000
1753003281,2025-07-20 09:21:21,27.06,30.17,83,989,9.78,中雨,100,10000
1753006967,2025-07-20 10:22:47,28.27,33.49,84,990,9.37,中雨,100,10000
1753010254,2025-07-20 11:17:34,28.99,35.99,86,991,7.89,大雨,100,9071
1753015285,2025-07-20 12:41:25,26.98,30.17,85,993,7.53,中雨,100,10000
1753018050,2025-07-20 13:27:30,27.1,30.37,84,993,7.53,大雨,100,10000
1753021129,2025-07-20 14:18:49,27.26,30.44,81,994,6.93,大雨,100,10000
1753024868,2025-07-20 15:21:08,26.82,30.04,88,994,7.2,中雨,100,7670
1753028513,2025-07-20 16:21:53,26.79,30.05,89,995,6.85,中雨,100,7247
1753031899,2025-07-20 17:18:19,26.96,30.72,91,995,6.03,小雨,100,10000
1753036168,2025-07-20 18:29:28,26.48,26.48,90,994,6.51,大雨,100,5656
1753038986,2025-07-20 19:16:26,27.78,33.38,92,994,6.67,大雨,100,10000
1753043014,2025-07-20 20:23:34,27.26,31.74,92,994,5.86,中雨,100,10000
1753046377,2025-07-20 21:19:37,27.23,31.64,92,995,5.34,中雨,100,8297
1753050026,2025-07-20 22:20:26,27.2,31.67,93,995,5.41,阴，多云,100,5452
1753053698,2025-07-20 23:21:38,27.69,33.09,92,996,5.8,阴，多云,100,6127
1753063044,2025-07-21 01:57:24,28.2,33.11,83,996,6.98,多云,84,4492
1753069660,2025-07-21 03:47:40,29.12,34.42,77,996,7.11,阴，多云,92,10000
1753073070,2025-07-21 04:44:30,28.4,33.12,80,996,7.1,阴，多云,94,10000
1753075685,2025-07-21 05:28:05,28.48,33.15,79,996,7.1,阴，多云,94,10000
1753079647,2025-07-21 06:34:07,27.62,31.85,85,995,6.66,中雨,100,7152
1753082933,2025-07-21 07:28:53,28.78,35.19,85,995,6.66,小雨,100,7152
1753086819,2025-07-21 08:33:39,28.13,32.76,82,995,5.34,小雨,100,9853
1753090203,2025-07-21 09:30:03,27.89,32.12,82,995,5.05,阴，多云,100,10000
1753093521,2025-07-21 10:25:21,27.79,32.46,86,996,5.05,小雨,100,10000
1753096765,2025-07-21 11:19:25,27.3,31.48,89,996,4.78,中雨,100,10000
1753102091,2025-07-21 12:48:11,26.92,30.41,89,998,4.89,中雨,100,10000
1753105169,2025-07-21 13:39:29,26.98,30.58,89,998,5.2,小雨,100,10000
1753107803,2025-07-21 14:23:23,27.06,30.91,90,999,5.2,中雨,100,10000
1753111451,2025-07-21 15:24:11,26.82,30.13,89,999,5.14,中雨,100,4865
1753115196,2025-07-21 16:26:36,26.72,30.03,91,999,6.03,中雨,98,4713
1753118484,2025-07-21 17:21:24,26.65,26.65,89,999,6.62,中雨,99,1859
1753122785,2025-07-21 18:33:05,26.25,26.25,90,998,5.21,小雨,91,10000
1753125526,2025-07-21 19:18:46,27,30.74,90,999,5.21,小雨,91,10000
1753129495,2025-07-21 20:24:55,26.96,30.42,88,998,4.28,阴，多云,95,9097
1753132850,2025-07-21 21:20:50,27.01,30.55,88,999,4.01,小雨,97,10000
1753136319,2025-07-21 22:18:39,26.68,29.67,88,999,4.48,中雨,97,10000
1753140075,2025-07-21 23:21:15,27.03,30.5,87,999,4.68,小雨,98,10000
1753149183,2025-07-22 01:53:03,28.89,34.02,78,1001,5.34,小雨,100,10000
1753155517,2025-07-22 03:38:37,29.52,35.02,75,1001,4.63,小雨,100,10000
1753159189,2025-07-22 04:39:49,30.76,35.85,66,1000,5.58,小雨,100,10000
1753161978,2025-07-22 05:26:18,30.71,36.83,70,1001,5.58,阴，多云,100,10000
1753166018,2025-07-22 06:33:38,30.69,34.67,62,1000,5.8,小雨,100,10000
1753169038,2025-07-22 07:23:58,30.29,36.28,72,1000,5.8,小雨,100,10000
1753173072,2025-07-22 08:31:12,29.35,33.11,68,1000,5.38,阴，多云,100,10000
1753176301,2025-07-22 09:25:01,29.03,34.39,78,1000,5.38,小雨,100,10000
1753179925,2025-07-22 10:25:25,28.69,33.7,79,1000,5.4,小雨,100,10000
1753183129,2025-07-22 11:18:49,28.16,32.18,78,1001,5.07,阴，多云,100,10000
1753188216,2025-07-22 12:43:36,27.8,31.19,77,1003,3.99,阴，多云,100,10000
1753191535,2025-07-22 13:38:55,27.63,30.93,78,1004,3.93,阴，多云,100,10000
1753194103,2025-07-22 14:21:43,27.44,30.99,82,1004,3.93,阴，多云,100,10000
1753197922,2025-07-22 15:25:22,27.19,30.6,84,1004,4.18,阴，多云,100,10000
1753201766,2025-07-22 16:29:26,27.03,30.2,84,1004,3.9,阴，多云,100,10000
1753204776,2025-07-22 17:19:36,26.6,26.6,85,1003,3.84,阴，多云,100,8533
1753209170,2025-07-22 18:32:50,26.42,26.42,87,1003,3.58,阴，多云,100,10000
1753211934,2025-07-22 19:18:54,27.18,30.79,86,1003,3.58,阴，多云,100,10000
1753215910,2025-07-22 20:25:10,27.25,30.98,86,1003,3.69,阴，多云,100,10000
1753219261,2025-07-22 21:21:01,27.03,30.71,89,1003,3.41,阴，多云,100,10000
1753222682,2025-07-22 22:18:02,26.83,30.16,89,1003,3.05,阴，多云,100,10000
1753226481,2025-07-22 23:21:21,27.02,30.38,86,1004,3.26,阴，多云,99,10000
1753235448,2025-07-23 01:50:48,30.14,35.89,72,1004,3.63,阴，多云,86,10000
1753242019,2025-07-23 03:40:19,31.05,35.47,62,1003,3.83,阴，多云,93,10000
1753245721,2025-07-23 04:42:01,31.5,35.66,59,1002,4.04,阴，多云,94,10000
1753248518,2025-07-23 05:28:38,31.71,36.99,62,1002,4.04,阴，多云,94,10000
1753252440,2025-07-23 06:34:00,31.51,34.65,55,1001,2.41,阴，多云,100,9029
1753255485,2025-07-23 07:24:45,31.9,36.84,60,1001,2.41,阴，多云,100,9029
1753259491,2025-07-23 08:31:31,31.23,35.6,61,1001,1.69,阴，多云,100,10000
1753262933,2025-07-23 09:28:53,31,35.88,64,1001,1.69,阴，多云,100,10000
1753266286,2025-07-23 10:24:46,30.08,34.28,66,1001,1.63,小雨,100,10000
1753269417,2025-07-23 11:16:57,28.97,32.66,70,1002,1.32,小雨,100,10000
1753274859,2025-07-23 12:47:39,27.73,32,84,1004,1.17,中雨,100,10000
1753277946,2025-07-23 13:39:06,27.5,31.26,83,1004,1.4,中雨,100,10000
1753280619,2025-07-23 14:23:39,27.52,31.58,85,1005,1.4,阴，多云,100,10000
1753284340,2025-07-23 15:25:40,27.39,31.36,86,1005,1.34,阴，多云,100,10000
1753288154,2025-07-23 16:29:14,27.49,31.76,87,1004,1.54,阴，多云,100,10000
1753291346,2025-07-23 17:22:26,27.46,31.68,87,1004,1.57,阴，多云,100,10000
1753295555,2025-07-23 18:32:35,27.22,30.9,86,1002,1.6,多云,68,10000
1753298319,2025-07-23 19:18:39,27.41,31.67,88,1002,1.6,多云,68,10000
1753302308,2025-07-23 20:25:08,27.34,31.6,89,1002,1.25,多云,78,10000
1753305687,2025-07-23 21:21:27,27.29,31.45,89,1002,1.29,阴，多云,86,10000
1753309295,2025-07-23 22:21:35,27.23,31.28,89,1003,1.42,阴，多云,89,10000
1753312786,2025-07-23 23:19:46,27.64,31.9,85,1003,1.3,阴，多云,91,10000
1753321990,2025-07-24 01:53:10,30.3,35.78,70,1003,2.3,大雨,100,10000
1753328319,2025-07-24 03:38:39,32.07,37.55,61,1002,2.6,大雨,100,10000
1753332031,2025-07-24 04:40:31,33.1,38.71,57,1001,2.55,阴，多云,100,10000
1753334821,2025-07-24 05:27:01,33.08,39.72,60,1001,2.55,阴，多云,100,10000
1753338870,2025-07-24 06:34:30,34.64,39.83,50,1000,2.67,阴，多云,100,10000
1753341842,2025-07-24 07:24:02,34.69,41.11,53,1000,2.67,阴，多云,100,10000
1753345848,2025-07-24 08:30:48,34.35,38.82,49,998,2.61,阴，多云,100,10000
1753349199,2025-07-24 09:26:39,33.71,39.47,55,999,2.61,阴，多云,100,10000
1753352713,2025-07-24 10:25:13,32.38,36.44,55,999,2.49,阴，多云,100,10000
1753355965,2025-07-24 11:19:25,31.71,36.41,60,999,3.08,阴，多云,99,10000
1753361278,2025-07-24 12:47:58,29.74,33.75,67,1001,5.29,阴，多云,96,10000
1753364337,2025-07-24 13:38:57,29.43,34.12,72,1002,4.2,阴，多云,91,10000
1753367003,2025-07-24 14:23:23,29.32,33.85,72,1002,4.2,阴，多云,91,10000
1753370512,2025-07-24 15:21:52,29.19,33.34,71,1002,3.01,阴，多云,94,10000
1753374373,2025-07-24 16:26:13,28.61,33.87,81,1002,2.07,阴，多云,96,10000
1753377614,2025-07-24 17:20:14,28.35,32.99,80,1001,1.61,小雨,90,10000
1753381875,2025-07-24 18:31:15,28.11,32.22,79,1000,1.34,晴,3,10000
1753384723,2025-07-24 19:18:43,28.01,32.44,82,1000,1.34,晴,3,10000
1753388475,2025-07-24 20:21:15,27.89,32.12,82,1000,1.49,晴,1,10000
1753392070,2025-07-24 21:21:10,27.81,32.07,83,1000,1.59,晴,1,10000
1753395698,2025-07-24 22:21:38,28.16,33.01,83,1000,1.68,晴,0,10000
1753399301,2025-07-24 23:21:41,28.05,32.07,79,1000,2.11,晴,0,10000
1753408376,2025-07-25 01:52:56,31.26,35.94,62,1000,3.25,晴,0,10000
1753414727,2025-07-25 03:38:47,33.55,38.74,54,1000,3.3,晴,0,10000
1753421318,2025-07-25 05:28:38,34.69,41.52,54,999,3.37,晴,0,10000
1753425256,2025-07-25 06:34:16,35.67,40.66,46,998,3.14,多云,30,10000
1753428242,2025-07-25 07:24:02,35.68,42.33,50,998,3.14,多云,30,10000
1753432196,2025-07-25 08:29:56,35.09,39.74,47,997,3.33,多云,70,10000
1753435580,2025-07-25 09:26:20,34.49,38.78,48,997,2.63,多云,81,10000
1753439107,2025-07-25 10:25:07,33.15,37.83,54,997,3.98,多云,78,10000
1753442337,2025-07-25 11:18:57,31.15,35.96,63,998,4.13,多云,80,10000
1753447546,2025-07-25 12:45:46,30.19,33.62,62,999,2.66,晴,2,10000
1753450551,2025-07-25 13:35:51,30.03,33.51,63,1000,2.52,晴,1,10000
1753453259,2025-07-25 14:20:59,29.76,33.58,66,1000,2.52,晴,1,10000
1753457062,2025-07-25 15:24:22,29.6,33.65,68,1000,2.65,晴,2,10000
1753460878,2025-07-25 16:27:58,29.53,34.14,71,1000,2.34,晴,3,10000
1753464073,2025-07-25 17:21:13,29.31,33.22,69,1000,2.5,晴,6,10000
1753468318,2025-07-25 18:31:58,29.15,33.06,70,999,2.42,晴，少云,18,10000
1753471120,2025-07-25 19:18:40,28.6,32.55,74,999,2.42,晴，少云,18,10000
1753475059,2025-07-25 20:24:19,28.4,32.6,77,999,1.95,晴，少云,12,10000
1753478420,2025-07-25 21:20:20,28.31,31.89,74,999,1.77,晴，少云,13,10000
1753482066,2025-07-25 22:21:06,28.76,32.92,74,999,2.08,晴，少云,12,10000
1753485667,2025-07-25 23:21:07,28.89,33.82,77,1000,2.32,晴，少云,22,10000
1753494566,2025-07-26 01:49:26,32.07,36.35,57,1000,2.4,晴,2,10000
1753500424,2025-07-26 03:27:04,33.43,38.81,55,1000,2.74,晴,3,10000
1753504607,2025-07-26 04:36:47,34.96,39.45,47,999,3.12,晴,4,10000
1753507156,2025-07-26 05:19:16,35.19,40.34,48,999,3.12,晴,4,10000
1753511480,2025-07-26 06:31:20,35.22,37.63,40,998,2.18,多云,80,10000
1753514416,2025-07-26 07:20:16,35.75,39.7,43,998,2.18,多云,80,10000
1753518428,2025-07-26 08:27:08,35.76,39.36,42,997,2.1,多云,78,10000
1753521688,2025-07-26 09:21:28,35.26,38.68,43,997,2.81,多云,76,10000
1753525095,2025-07-26 10:18:15,34.16,37.75,47,997,3.86,多云,70,10000
1753528684,2025-07-26 11:18:04,32.83,36.23,51,998,4.25,多云,65,10000
1753533689,2025-07-26 12:41:29,31.85,35.33,55,999,3.85,晴,8,10000
1753536729,2025-07-26 13:32:09,31.36,35.1,58,1000,3.61,多云,59,10000
1753539580,2025-07-26 14:19:40,31.27,34.91,58,1000,3.61,多云,59,10000
1753543169,2025-07-26 15:19:29,30.62,35.26,65,1000,3.85,多云,73,10000
1753547136,2025-07-26 16:25:36,30.27,34.95,67,1000,3.88,多云,80,10000
1753550434,2025-07-26 17:20:34,29.88,34.75,70,1000,3.65,多云,84,10000
1753554430,2025-07-26 18:27:10,29.49,33.83,70,1000,3.41,多云,79,10000
1753557387,2025-07-26 19:16:27,29.09,33.71,74,999,2.53,阴，多云,100,10000
1753561361,2025-07-26 20:22:41,28.89,33.23,74,999,2.41,阴，多云,100,10000
1753564643,2025-07-26 21:17:23,28.68,33.29,77,999,2.27,阴，多云,99,10000
1753568411,2025-07-26 22:20:11,28.87,33.38,75,999,2.06,阴，多云,88,10000
1753572035,2025-07-26 23:20:35,29.14,33.83,74,1000,1.84,多云,73,10000
1753581725,2025-07-27 02:02:05,32.4,38.03,60,1000,2.64,多云,62,10000
1753589169,2025-07-27 04:06:09,34.2,41.07,56,1000,3.45,多云,64,10000
1753593990,2025-07-27 05:26:30,35.53,41.54,49,999,3.95,多云,64,10000
1753597791,2025-07-27 06:29:51,35.76,40.09,44,998,4.05,多云,62,10000
1753600804,2025-07-27 07:20:04,35.44,39.41,44,997,3.13,阴，多云,98,10000
1753604797,2025-07-27 08:26:37,34.76,39.02,47,996,1.15,阴，多云,99,10000
1753608128,2025-07-27 09:22:08,33.72,37.79,50,996,0.1,阴，多云,99,10000
1753611733,2025-07-27 10:22:13,33.17,37.55,53,996,1.49,阴，多云,99,10000
1753615055,2025-07-27 11:17:35,32.62,36.96,55,997,3.15,阴，多云,100,10000
1753620154,2025-07-27 12:42:34,31.94,36.07,57,998,3.71,阴，多云,100,10000
1753623092,2025-07-27 13:31:32,31.54,36.02,60,999,3.77,阴，多云,100,10000
1753625929,2025-07-27 14:18:49,31.47,36.14,61,999,3.77,阴，多云,100,10000
1753629668,2025-07-27 15:21:08,31.06,36.87,67,999,3.88,阴，多云,100,10000
1753633564,2025-07-27 16:26:04,30.66,35.88,67,999,4.07,阴，多云,100,10000
1753636779,2025-07-27 17:19:39,30.38,35.46,68,998,3.78,阴，多云,100,10000
1753640980,2025-07-27 18:29:40,30.01,35.56,72,998,3.38,阴，多云,100,10000
1753643658,2025-07-27 19:14:18,29.61,34.78,73,997,3.81,阴，多云,100,10000
1753647809,2025-07-27 20:23:29,29.35,35.03,77,997,3.52,阴，多云,100,10000
1753651196,2025-07-27 21:19:56,28.99,34.29,78,997,3.08,阴，多云,100,10000
1753654822,2025-07-27 22:20:22,29.02,35.02,81,997,2.96,小雨,100,10000
1753658497,2025-07-27 23:21:37,29.63,36.63,82,998,2.94,阴，多云,99,10000
1753667995,2025-07-28 01:59:55,32.05,38.46,64,998,3.32,阴，多云,97,10000
1753674570,2025-07-28 03:49:30,33.75,40.75,59,997,3.8,阴，多云,100,10000
1753678091,2025-07-28 04:48:11,34.37,41.11,55,996,3.89,阴，多云,100,10000
1753680565,2025-07-28 05:29:25,34.32,41.32,63,997,3.89,中雨,100,10000
1753684570,2025-07-28 06:36:10,35.15,41.03,50,995,4.21,阴，多云,100,10000
1753687590,2025-07-28 07:26:30,34.53,41.53,64,995,4.21,阴，多云,100,10000
1753691573,2025-07-28 08:32:53,32.76,39.76,64,994,4.86,阴，多云,100,10000
1753694986,2025-07-28 09:29:46,32.58,39.58,69,995,4.86,中雨,100,10000
1753698310,2025-07-28 10:25:10,31.68,38.68,74,995,4.64,中雨,100,10000
1753701573,2025-07-28 11:19:33,30.91,37.91,78,996,3.9,中雨,100,10000
1753706953,2025-07-28 12:49:13,29.72,35.54,75,997,1.26,小雨,100,10000
1753710010,2025-07-28 13:40:10,29.85,35.64,74,997,1.19,阴，多云,100,10000
1753712618,2025-07-28 14:23:38,29.72,36.72,80,997,1.19,阴，多云,100,10000
1753716335,2025-07-28 15:25:35,29.58,36.4,80,997,1.56,阴，多云,100,10000
1753719989,2025-07-28 16:26:29,29.33,35.92,81,997,1.38,阴，多云,100,10000
1753723351,2025-07-28 17:22:31,29.6,36.6,81,997,1.16,阴，多云,100,10000
1753727649,2025-07-28 18:34:09,28.97,33.62,75,996,0.6,阴，多云,99,10000
1753730370,2025-07-28 19:19:30,28.49,34.12,84,996,0.6,阴，多云,99,10000
1753734337,2025-07-28 20:25:37,28.77,35.16,85,995,0.51,阴，多云,95,10000
1753737595,2025-07-28 21:19:55,28.21,33.5,85,996,0.63,阴，多云,93,10000
1753741370,2025-07-28 22:22:50,27.84,32.76,87,996,1.6,多云,77,10000
1753744961,2025-07-28 23:22:41,28.78,35.63,87,996,1.18,多云,75,10000
1753754731,2025-07-29 02:05:31,31.2,38.2,71,997,2.08,晴,5,10000
1753762067,2025-07-29 04:07:47,32.95,39.95,64,997,2.41,多云,37,10000
1753767020,2025-07-29 05:30:20,34.6,40.11,51,994,3.37,多云,54,10000
1753770878,2025-07-29 06:34:38,33.83,39.04,53,994,2.61,阴，多云,98,10000
1753773925,2025-07-29 07:25:25,33.78,40.01,56,994,2.61,阴，多云,98,10000
1753777861,2025-07-29 08:31:01,32.99,37.79,55,993,3.89,阴，多云,99,10000
1753781257,2025-07-29 09:27:37,32.64,38.28,59,993,3.89,阴，多云,99,10000
1753784671,2025-07-29 10:24:31,32.36,37.61,59,993,4.32,阴，多云,88,10000
1753787761,2025-07-29 11:16:01,31.66,38.1,66,993,4.38,阴，多云,85,10000
1753793376,2025-07-29 12:49:36,30.84,36.05,66,995,3.46,阴，多云,98,10000
1753796485,2025-07-29 13:41:25,30.42,36.08,70,996,3.36,阴，多云,86,10000
1753799146,2025-07-29 14:25:46,30.33,36.12,71,996,3.36,阴，多云,86,10000
1753802793,2025-07-29 15:26:33,29.9,35.77,74,997,3.2,阴，多云,92,10000
1753806504,2025-07-29 16:28:24,29.96,36.19,75,997,2.8,小雨,94,10000
1753809784,2025-07-29 17:23:04,29.76,35.9,76,996,2.67,阴，多云,95,10000
1753814066,2025-07-29 18:34:26,29.49,35.89,79,995,2.06,晴,5,10000
1753816857,2025-07-29 19:20:57,29.19,36.19,84,995,2.06,晴,5,10000
1753820749,2025-07-29 20:25:49,29.16,36.13,84,996,2.11,晴，少云,15,10000
1753824098,2025-07-29 21:21:38,29.11,35.97,84,996,2.44,大雨,33,10000
1753827738,2025-07-29 22:22:18,29.02,35.7,84,996,2.34,中雨,38,10000
1753831305,2025-07-29 23:21:45,29.17,35.45,81,996,2.64,小雨,47,10000
1753840548,2025-07-30 01:55:48,31.38,38,68,997,2.49,晴,8,10000
1753847076,2025-07-30 03:44:36,33.29,39.53,58,996,3.12,晴,8,10000
1753850736,2025-07-30 04:45:36,34,39.81,54,996,3.55,晴,7,10000
1753853392,2025-07-30 05:29:52,33.96,40.96,59,996,3.55,晴,7,10000
1753857345,2025-07-30 06:35:45,34.21,38.51,49,994,5.04,晴，少云,18,10000
1753860345,2025-07-30 07:25:45,34.26,40.06,53,994,5.04,晴，少云,18,10000
1753864284,2025-07-30 08:31:24,34.01,36.83,45,993,5.53,多云,25,10000
1753867779,2025-07-30 09:29:39,34.01,37.13,46,993,5.53,多云,25,10000
1753871102,2025-07-30 10:25:02,32.93,37.65,55,994,5.37,小雨,31,10000
1753874393,2025-07-30 11:19:53,32.17,37.47,60,995,5.02,多云,38,10000
1753879466,2025-07-30 12:44:26,31.84,36.7,60,996,3.28,阴，多云,99,10000
1753882861,2025-07-30 13:41:01,31.65,36.56,61,997,3.43,阴，多云,100,10000
1753885304,2025-07-30 14:21:44,31.49,37.36,65,997,3.43,阴，多云,100,10000
1753889086,2025-07-30 15:24:46,31.07,38.07,73,997,3.94,阴，多云,100,10000
1753892908,2025-07-30 16:28:28,30.8,37.8,74,997,3.87,阴，多云,100,10000
1753896109,2025-07-30 17:21:49,30.48,37.48,78,997,3.45,阴，多云,100,10000
1753900401,2025-07-30 18:33:21,29.68,35.68,76,996,2.31,小雨,89,10000
1753903159,2025-07-30 19:19:19,29.38,36.06,81,996,2.31,阴，多云,89,10000
1753907008,2025-07-30 20:23:28,29.14,35.83,83,996,2.08,阴，多云,94,10000
1753910468,2025-07-30 21:21:08,28.77,34.94,84,996,2.34,阴，多云,96,10000
1753914110,2025-07-30 22:21:50,28.84,35.37,85,996,2.24,阴，多云,97,10000
1753917699,2025-07-30 23:21:39,29.05,35.56,83,997,2.25,阴，多云,98,10000
1753926933,2025-07-31 01:55:33,31.03,36.79,67,999,1.09,阴，多云,99,10000
1753933378,2025-07-31 03:42:58,33.25,39.07,57,998,2.13,小雨,96,10000
1753937006,2025-07-31 04:43:26,33.94,40.03,55,997,2.4,阴，多云,97,10000
1753939657,2025-07-31 05:27:37,34.16,41.16,58,997,2.4,阴，多云,97,10000
1753943667,2025-07-31 06:34:27,33.57,38.45,53,996,2.69,小雨,100,10000
1753946690,2025-07-31 07:24:50,33.9,40.31,56,996,2.69,阴，多云,100,10000
1753950683,2025-07-31 08:31:23,34.03,38.12,49,995,1.76,阴，多云,100,10000
1753954089,2025-07-31 09:28:09,34.12,40.87,56,995,1.76,阴，多云,100,10000
1753957523,2025-07-31 10:25:23,32.74,39.74,68,996,2.35,阴，多云,100,10000
1753960780,2025-07-31 11:19:40,30.86,37.86,75,996,2.17,阴，多云,100,10000
1753966051,2025-07-31 12:47:31,30.43,35.08,66,998,3.7,阴，多云,100,10000
1753969139,2025-07-31 13:38:59,29.59,34.06,70,999,4.08,阴，多云,100,10000
1753971808,2025-07-31 14:23:28,29.47,35.35,77,999,4.08,阴，多云,100,10000
1753975478,2025-07-31 15:24:38,29.24,34.3,75,999,3.66,大雨,100,10000
1753979322,2025-07-31 16:28:42,29.28,35.3,79,999,3.55,中雨,100,10000
1753982291,2025-07-31 17:18:11,28.63,33.54,79,999,3.34,中雨,100,10000
1753986806,2025-07-31 18:33:26,28.02,31.55,76,998,2.23,阴，多云,100,10000
1753989565,2025-07-31 19:19:25,28.03,32.02,79,998,2.23,阴，多云,100,10000
1753993513,2025-07-31 20:25:13,28.05,32.54,82,998,2.11,阴，多云,100,10000
1753996880,2025-07-31 21:21:20,27.93,32.38,83,998,2.07,阴，多云,100,10000
1754000522,2025-07-31 22:22:02,27.89,32.43,84,999,1.87,阴，多云,100,10000
1754003987,2025-07-31 23:19:47,28.17,33.03,83,999,1.23,阴，多云,100,10000
1754013938,2025-08-01 02:05:38,31.18,37.17,67,1000,1.01,多云,65,10000
1754021643,2025-08-01 04:14:03,32.7,39.46,62,999,1.95,多云,72,10000
1754026331,2025-08-01 05:32:11,32.51,37.65,58,999,3.21,多云,82,10000
1754030141,2025-08-01 06:35:41,33.04,37.9,55,998,0.83,阴，多云,100,10000
1754033225,2025-08-01 07:27:05,32.59,36.9,55,998,0.83,阴，多云,100,10000
1754037061,2025-08-01 08:31:01,30.84,33.81,57,998,0.9,中雨,100,10000
1754040468,2025-08-01 09:27:48,30.83,33.79,57,998,0.9,小雨,100,10000
1754043912,2025-08-01 10:25:12,29.71,31.92,58,998,2.19,小雨,100,10000
1754047084,2025-08-01 11:18:04,29.01,31.69,64,999,3.91,阴，多云,99,10000
1754052473,2025-08-01 12:47:53,29.27,32.74,67,1001,3.84,多云,74,10000
1754055515,2025-08-01 13:38:35,29.46,33.34,68,1001,3.77,小雨,74,10000
1754057976,2025-08-01 14:19:36,29.41,34.07,72,1002,3.77,多云,74,10000
1754061866,2025-08-01 15:24:26,29.21,33.8,73,1002,3.72,多云,58,10000
1754065772,2025-08-01 16:29:32,29.25,33.89,73,1002,3.31,多云,65,10000
1754068950,2025-08-01 17:22:30,29.23,34.27,75,1002,2.87,多云,72,10000
1754073160,2025-08-01 18:32:40,29.18,34.36,76,1001,1.55,阴，多云,95,10000
1754075812,2025-08-01 19:16:52,29.12,34.63,78,1001,1.55,阴，多云,95,10000
1754079872,2025-08-01 20:24:32,28.91,34.71,81,1001,1.07,阴，多云,100,10000
1754083186,2025-08-01 21:19:46,28.73,34.41,82,1001,0.82,阴，多云,100,10000
1754086782,2025-08-01 22:19:42,28.7,34.32,82,1001,0.88,阴，多云,93,10000
1754090485,2025-08-01 23:21:25,29.07,35.62,83,1002,0.92,阴，多云,86,10000
1754099391,2025-08-02 01:49:51,30.46,35.15,66,1003,3.02,阴，多云,100,10000
1754105020,2025-08-02 03:23:40,31.19,37.5,68,1002,3.07,阴，多云,99,10000
1754109346,2025-08-02 04:35:46,32.98,38.43,57,1001,3.03,小雨,98,10000
1754112225,2025-08-02 05:23:45,32.78,39.78,72,1002,3.03,中雨,98,10000
1754116237,2025-08-02 06:30:37,29.57,34.68,73,1001,4.65,大雨,100,10000
1754119200,2025-08-02 07:20:00,27.83,33.05,89,1001,4.65,大雨,100,10000
1754123227,2025-08-02 08:27:07,27.92,32.83,86,1001,4.23,中雨,100,10000
1754126646,2025-08-02 09:24:06,27.88,32.56,85,1001,3.86,阴，多云,100,10000
1754130036,2025-08-02 10:20:36,28.07,33.44,87,1001,2.56,阴，多云,100,10000
1754133492,2025-08-02 11:18:12,28.01,33.6,89,1002,2.07,阴，多云,100,4202
1754138403,2025-08-02 12:40:03,27.64,32.33,88,1003,2.93,小雨,100,10000
1754141473,2025-08-02 13:31:13,27.54,32.18,89,1003,2.99,阴，多云,100,8412
1754144377,2025-08-02 14:19:37,27.59,32.62,91,1003,2.99,阴，多云,100,8412
1754148089,2025-08-02 15:21:29,27.64,32.78,91,1003,2.97,阴，多云,100,10000
1754151968,2025-08-02 16:26:08,27.5,32.34,91,1003,2.76,阴，多云,100,3778
1754155117,2025-08-02 17:18:37,27.62,32.57,90,1002,2.97,阴，多云,100,10000
1754159425,2025-08-02 18:30:25,27.95,33.08,87,1001,1.77,阴，多云,100,10000
1754162028,2025-08-02 19:13:48,28.1,33.88,89,1001,1.77,阴，多云,100,10000
1754166181,2025-08-02 20:23:01,27.85,33.28,90,1001,1.67,阴，多云,100,5184
1754169567,2025-08-02 21:19:27,27.77,33.03,90,1001,1.76,阴，多云,100,7015
1754173222,2025-08-02 22:20:22,27.63,32.45,89,1001,1.74,阴，多云,100,4991
1754176940,2025-08-02 23:22:20,27.55,32.64,92,1002,1.06,阴，多云,100,10000
1754186626,2025-08-03 02:03:46,27.21,31.46,91,1003,2.3,阴，多云,100,4161
1754193928,2025-08-03 04:05:28,27.68,32.45,88,1003,2.14,阴，多云,100,10000
1754198855,2025-08-03 05:27:35,27.69,31.89,84,1002,2.01,阴，多云,100,10000
1754202669,2025-08-03 06:31:09,28.8,34.19,80,1001,0.41,阴，多云,100,10000
1754205603,2025-08-03 07:20:03,28.86,34.56,81,1001,0.41,小雨,100,10000
1754209645,2025-08-03 08:27:25,29.01,34.99,81,1001,3.06,大雨,100,2176
1754212913,2025-08-03 09:21:53,28.86,34.35,80,1001,4.72,中雨,100,10000
1754216532,2025-08-03 10:22:12,28.32,34.78,90,1001,3.46,中雨,100,5186
1754219699,2025-08-03 11:14:59,28.34,34.64,89,1002,3.22,中雨,100,3936
1754225101,2025-08-03 12:45:01,27.66,32.99,92,1003,4.43,小雨,100,10000
1754227987,2025-08-03 13:33:07,27.69,32.93,91,1004,3.6,阴，多云,100,10000
1754230750,2025-08-03 14:19:10,27.79,33.25,91,1003,3.6,小雨,100,10000
1754234501,2025-08-03 15:21:41,27.76,33,90,1004,3.56,小雨,100,10000
1754238269,2025-08-03 16:24:29,27.93,33.53,90,1004,2.87,小雨,100,10000
1754241557,2025-08-03 17:19:17,27.86,33.31,90,1003,2.45,小雨,100,10000
1754245848,2025-08-03 18:30:48,27.37,31.94,91,1003,2.15,小雨,100,10000
1754248647,2025-08-03 19:17:27,27.8,33.28,91,1002,2.15,阴，多云,100,10000
1754252657,2025-08-03 20:24:17,27.62,32.72,91,1002,1.16,阴，多云,100,10000
1754256025,2025-08-03 21:20:25,27.51,32.66,93,1002,1,阴，多云,100,10000
1754259601,2025-08-03 22:20:01,27.19,31.64,93,1002,1.17,阴，多云,100,10000
1754263283,2025-08-03 23:21:23,27.05,31.1,92,1003,1.08,小雨,100,10000
1754273032,2025-08-04 02:03:52,27.35,31.62,89,1004,2.08,中雨,100,5580
1754280719,2025-08-04 04:11:59,27.79,32.93,89,1003,2.92,小雨,100,10000
1754285815,2025-08-04 05:36:55,27.85,32.95,88,1003,2.93,小雨,100,6003
1754289423,2025-08-04 06:37:03,27.89,32.91,87,1001,3.02,小雨,100,4363
1754292587,2025-08-04 07:29:47,28.05,33.38,87,1002,3.02,小雨,100,4363
1754296374,2025-08-04 08:32:54,26.8,30.54,94,1001,4.57,中雨,100,1913
1754299803,2025-08-04 09:30:03,26.75,30.3,93,1003,4.1,中雨,100,7281
1754303187,2025-08-04 10:26:27,26.78,30.57,95,1003,4.1,大雨,100,7281
1754306409,2025-08-04 11:20:09,26.9,30.75,93,1003,4.22,大雨,100,10000
1754311806,2025-08-04 12:50:06,27.29,31.83,92,1005,2.25,大雨,100,10000
1754314943,2025-08-04 13:42:23,27.42,32.23,92,1005,2.26,中雨,100,10000
1754317585,2025-08-04 14:26:25,27.45,32.33,92,1005,2.26,中雨,100,10000
1754321153,2025-08-04 15:25:53,27.27,31.77,92,1005,1.84,小雨,100,10000
1754325051,2025-08-04 16:30:51,27.08,31.3,93,1004,2.39,阴，多云,100,10000
1754328307,2025-08-04 17:25:07,26.97,30.96,93,1004,2.39,阴，多云,100,10000
1754332476,2025-08-04 18:34:36,27.1,31.48,94,1003,3.11,小雨,100,1707
1754335231,2025-08-04 19:20:31,26.99,31.13,94,1003,3.11,小雨,100,1707
1754338966,2025-08-04 20:22:46,27.07,31.5,95,1003,3.23,中雨,100,3235
1754342532,2025-08-04 21:22:12,26.8,30.54,94,1003,3.5,大雨,100,10000
1754346149,2025-08-04 22:22:29,26.45,26.45,95,1003,3.4,中雨,100,4424
1754349715,2025-08-04 23:21:55,26.61,26.61,95,1004,2.52,中雨,100,5613
1754359096,2025-08-05 01:58:16,26.66,26.66,96,1003,6.52,小雨,100,1721
1754365847,2025-08-05 03:50:47,25.01,26.05,95,1004,2.3,中雨,100,6314
1754369402,2025-08-05 04:50:02,25.82,26.91,94,1005,2.1,中雨,100,6544
1754371820,2025-08-05 05:30:20,26.36,26.36,93,1004,2.35,中雨,100,10000
1754375758,2025-08-05 06:35:58,27.13,31.22,91,1004,0.9,中雨,100,8686
1754378727,2025-08-05 07:25:27,27.23,31.89,94,1004,0.9,小雨,100,8686
1754382588,2025-08-05 08:29:48,27.33,31.95,92,1004,0.22,中雨,100,7201
1754386119,2025-08-05 09:28:39,27.53,32.58,92,1004,1.67,小雨,100,5831
1754389514,2025-08-05 10:25:14,27.69,33.41,94,1005,1.89,中雨,100,5964
1754392806,2025-08-05 11:20:06,27.67,33.34,94,1005,2.6,小雨,100,10000
1754398219,2025-08-05 12:50:19,27.55,32.5,91,1006,3.29,阴，多云,100,10000
1754401329,2025-08-05 13:42:09,27.75,33.12,91,1006,2.89,小雨,100,10000
1754403975,2025-08-05 14:26:15,27.7,33.28,93,1006,2.89,阴，多云,100,10000
1754407594,2025-08-05 15:26:34,27.51,32.37,91,1006,1.59,小雨,100,4923
1754410801,2025-08-05 16:20:01,26.75,30.03,90,1005,2.03,中雨,100,4372
1754414436,2025-08-05 17:20:36,26.6,26.6,89,1005,1.88,小雨,100,5231
1754418939,2025-08-05 18:35:39,25.94,27.07,95,1004,0.49,小雨,100,5529
1754421730,2025-08-05 19:22:10,25.99,25.99,95,1004,0.49,中雨,100,5529
1754425374,2025-08-05 20:22:54,26.17,26.17,95,1004,0.13,大雨,100,3051
1754428888,2025-08-05 21:21:28,25.73,26.87,96,1004,1.22,大雨,100,2562
1754432580,2025-08-05 22:23:00,25.62,26.72,95,1005,2.01,中雨,100,7496
1754435914,2025-08-05 23:18:34,25.68,26.78,95,1006,3.85,中雨,100,5181
1754445391,2025-08-06 01:56:31,26.32,26.32,91,1008,4.81,中雨,100,10000
1754452001,2025-08-06 03:46:41,26.55,26.55,89,1008,2.71,小雨,100,10000
1754455648,2025-08-06 04:47:28,26.6,26.6,87,1008,2.38,小雨,100,10000
1754458273,2025-08-06 05:31:13,27.23,30.81,85,1007,2.52,阴，多云,100,10000
1754462175,2025-08-06 06:36:15,28.74,32.88,74,1006,3.91,阴，多云,100,10000
1754465193,2025-08-06 07:26:33,28.85,33.72,77,1007,3.91,小雨,100,10000
1754469084,2025-08-06 08:31:24,29.06,33.84,75,1006,2.19,阴，多云,100,10000
1754472556,2025-08-06 09:29:16,28.99,34.29,78,1006,2.19,阴，多云,100,10000
1754475915,2025-08-06 10:25:15,28.7,33.34,77,1006,0.98,阴，多云,100,10000
1754479203,2025-08-06 11:20:03,28.22,33.35,84,1006,0.27,阴，多云,100,10000
1754484612,2025-08-06 12:50:12,27.26,30.89,85,1008,2.77,阴，多云,100,10000
1754487768,2025-08-06 13:42:48,27.12,30.42,84,1008,2.26,阴，多云,100,10000
1754490374,2025-08-06 14:26:14,27.03,30.4,86,1008,2.26,阴，多云,100,10000
1754493967,2025-08-06 15:26:07,27.66,32.24,87,1009,2.37,阴，多云,100,10000
1754497776,2025-08-06 16:29:36,27.36,31.53,88,1008,2.45,阴，多云,100,10000
1754501000,2025-08-06 17:23:20,26.63,26.63,88,1008,2.32,阴，多云,100,10000
1754505161,2025-08-06 18:32:41,26.12,26.12,90,1007,2.94,阴，多云,100,10000
1754508006,2025-08-06 19:20:06,26.09,26.09,91,1007,2.94,阴，多云,100,10000
1754511905,2025-08-06 20:25:05,26.14,26.14,91,1007,3.05,阴，多云,100,9373
1754515166,2025-08-06 21:19:26,26.32,26.32,91,1007,2.58,阴，多云,100,10000
1754518978,2025-08-06 22:22:58,26.31,26.31,92,1008,2.34,阴，多云,100,10000
1754522544,2025-08-06 23:22:24,26.21,26.21,89,1008,2.03,阴，多云,100,10000
1754531820,2025-08-07 01:57:00,28.61,34.07,82,1009,1.37,阴，多云,100,10000
1754538434,2025-08-07 03:47:14,28.47,33.31,80,1009,1.38,阴，多云,100,8146
1754542047,2025-08-07 04:47:27,28.28,32.81,80,1009,1,阴，多云,100,10000
1754544564,2025-08-07 05:29:24,28.2,32.28,78,1009,1,阴，多云,100,10000
1754548282,2025-08-07 06:31:22,30.11,36.33,74,1008,0.68,阴，多云,100,N/A
1754551573,2025-08-07 07:26:13,30.32,36.91,74,1008,0.68,中雨,100,N/A
1754555478,2025-08-07 08:31:18,29.75,36.38,78,1008,0.72,中雨,100,10000
1754558906,2025-08-07 09:28:26,29.69,36.69,81,1008,0.72,小雨,100,10000
1754562258,2025-08-07 10:24:18,29.24,35.42,80,1008,0.94,阴，多云,100,10000
1754565613,2025-08-07 11:20:13,28.47,33.87,83,1008,1.41,阴，多云,100,10000
1754570969,2025-08-07 12:49:29,28.35,33.53,83,1009,1.81,阴，多云,99,10000
1754574083,2025-08-07 13:41:23,28.29,33.19,82,1009,1.05,阴，多云,99,10000
1754576732,2025-08-07 14:25:32,28.14,32.95,83,1009,1.05,阴，多云,99,10000
1754580355,2025-08-07 15:25:55,28.03,33.15,86,1009,0.96,阴，多云,100,10000
1754584046,2025-08-07 16:27:26,27.61,32.1,87,1008,1.38,阴，多云,85,10000
1754587381,2025-08-07 17:23:01,27.33,31.19,86,1008,1.04,多云,78,10000
1754591682,2025-08-07 18:34:42,26.11,26.11,89,1007,1.21,晴，少云,12,10000
1754594441,2025-08-07 19:20:41,25.98,25.98,92,1008,1.21,晴，少云,12,10000
1754598282,2025-08-07 20:24:42,25.9,26.95,92,1008,1.06,多云,35,10000
1754601592,2025-08-07 21:19:52,25.79,26.83,92,1008,0.98,多云,31,10000
1754605347,2025-08-07 22:22:27,25.88,26.93,92,1009,0.44,多云,35,10000
1754608924,2025-08-07 23:22:04,26.86,30.34,90,1009,0.51,多云,33,10000
1754618182,2025-08-08 01:56:22,30.56,36.72,71,1010,1.99,晴，少云,23,10000
1754624768,2025-08-08 03:46:08,34.65,41.65,60,1009,2.44,多云,38,10000
1754628427,2025-08-08 04:47:07,35.71,42.71,55,1008,2.42,多云,39,10000
1754630968,2025-08-08 05:29:28,35.76,42.76,58,1008,2.42,多云,39,10000
1754634935,2025-08-08 06:35:35,33.95,38.28,50,1006,2.71,阴，多云,100,10000
1754637967,2025-08-08 07:26:07,34.09,40.03,54,1007,2.71,阴，多云,100,10000
1754641876,2025-08-08 08:31:16,32.34,34.5,48,1005,2.52,阴，多云,100,10000
1754645298,2025-08-08 09:28:18,32.5,35.3,50,1006,2.52,阴，多云,100,10000
1754648670,2025-08-08 10:24:30,31.33,33.83,53,1005,2.61,阴，多云,100,10000
1754651815,2025-08-08 11:16:55,30.15,32.52,57,1006,3.46,阴，多云,100,10000
1754657311,2025-08-08 12:48:31,30.09,34.08,65,1007,3.94,阴，多云,100,10000
1754660364,2025-08-08 13:39:24,29.53,34.14,71,1008,3.66,阴，多云,100,10000
1754663009,2025-08-08 14:23:29,29.54,34.61,73,1008,3.66,阴，多云,100,10000
1754666406,2025-08-08 15:20:06,29.2,34.41,76,1008,3.29,阴，多云,100,10000
1754670172,2025-08-08 16:22:52,28.91,33.67,76,1008,2.76,阴，多云,100,10000
1754673441,2025-08-08 17:17:21,28.76,33.49,77,1008,2.27,阴，多云,100,10000
1754677788,2025-08-08 18:29:48,28.49,32.47,75,1008,1.75,阴，多云,100,10000
1754680614,2025-08-08 19:16:54,28.44,33.23,80,1007,1.6,阴，多云,85,10000
1754684430,2025-08-08 20:20:30,28.15,32.98,83,1007,1.57,阴，多云,89,10000
1754687946,2025-08-08 21:19:06,28,32.57,83,1007,1.45,阴，多云,87,10000
1754691626,2025-08-08 22:20:26,27.97,32.33,82,1007,1.4,多云,82,10000
1754695223,2025-08-08 23:20:23,28.4,33.12,80,1008,1.66,多云,72,10000
1754703970,2025-08-09 01:46:10,31.27,35.43,60,1008,2.53,多云,46,10000
1754709633,2025-08-09 03:20:33,32.29,36.54,56,1008,2.57,多云,64,10000
1754713791,2025-08-09 04:29:51,32.94,37.36,54,1008,2.45,多云,72,10000
1754716821,2025-08-09 05:20:21,33.99,38.37,50,1007,2.58,多云,77,10000
1754721057,2025-08-09 06:30:57,34.6,37.07,42,1005,2.51,多云,44,10000
1754723958,2025-08-09 07:19:18,34.32,37.44,45,1005,2.51,多云,44,10000
1754728002,2025-08-09 08:26:42,33.97,36.46,44,1004,2.48,多云,28,10000
1754731271,2025-08-09 09:21:11,33.39,36.2,47,1004,2.79,多云,29,10000
1754734720,2025-08-09 10:18:40,32.61,35.52,50,1004,3.29,多云,28,10000
1754738244,2025-08-09 11:17:24,31.49,34.61,55,1004,4.7,多云,39,10000
1754743280,2025-08-09 12:41:20,30.47,33.53,59,1006,5.03,多云,73,10000
1754746203,2025-08-09 13:30:03,30.15,33.12,60,1007,5.13,多云,57,10000
1754749154,2025-08-09 14:19:14,30.13,33.29,61,1007,5.13,多云,57,10000
1754752768,2025-08-09 15:19:28,29.64,32.72,63,1007,5.01,多云,71,10000
1754756736,2025-08-09 16:25:36,29.09,32.55,68,1007,4.61,多云,78,10000
1754759825,2025-08-09 17:17:05,29,32.54,69,1007,3.93,多云,82,10000
1754764158,2025-08-09 18:29:18,29.08,33.09,71,1007,3.61,多云,81,10000
1754766968,2025-08-09 19:16:08,28.61,32.75,75,1006,3.14,阴，多云,100,10000
1754770797,2025-08-09 20:19:57,28.48,32.44,75,1006,2.76,阴，多云,99,10000
1754774352,2025-08-09 21:19:12,28.37,32.36,76,1006,2.27,阴，多云,100,10000
1754777993,2025-08-09 22:19:53,28.18,32.23,78,1007,2.1,阴，多云,96,10000
1754781599,2025-08-09 23:19:59,29.29,35.09,78,1007,1.76,阴，多云,97,10000
1754791204,2025-08-10 02:00:04,31.1,35.32,61,1008,1.81,阴，多云,100,10000
1754797646,2025-08-10 03:47:26,33.05,37.29,53,1007,1.29,阴，多云,92,10000
1754800893,2025-08-10 04:41:33,33.41,38.09,53,1006,1.1,阴，多云,94,10000
1754803357,2025-08-10 05:22:37,33.5,37.96,52,1006,1.1,阴，多云,94,10000
1754807271,2025-08-10 06:27:51,33.74,38.16,51,1005,1.27,阴，多云,100,10000
1754810340,2025-08-10 07:19:00,33.93,38.24,50,1005,1.75,阴，多云,100,10000
1754814421,2025-08-10 08:27:01,33.86,38.42,51,1004,2.47,阴，多云,100,10000
1754817560,2025-08-10 09:19:20,33.53,37.7,51,1004,3.88,阴，多云,100,10000
1754821304,2025-08-10 10:21:44,32.22,36.68,57,1004,4.84,阴，多云,100,10000
1754824463,2025-08-10 11:14:23,31.27,35.43,60,1004,4.35,阴，多云,100,10000
1754829718,2025-08-10 12:41:58,30.09,33.85,64,1006,4.8,阴，多云,100,10000
1754832377,2025-08-10 13:26:17,30,34.1,66,1006,4.8,阴，多云,100,10000
1754835534,2025-08-10 14:18:54,30.17,34.48,66,1006,4.44,阴，多云,99,10000
1754839233,2025-08-10 15:20:33,29.47,33.57,69,1006,4.26,阴，多云,99,10000
1754843134,2025-08-10 16:25:34,29.23,33.24,70,1006,3.94,阴，多云,97,10000
1754846242,2025-08-10 17:17:22,29.18,33.93,74,1007,3.56,阴，多云,98,10000
1754850519,2025-08-10 18:28:39,29.01,33.13,72,1006,3.05,阴，多云,100,10000
1754853384,2025-08-10 19:16:24,28.62,32.95,76,1005,2.64,阴，多云,97,10000
1754857359,2025-08-10 20:22:39,28.42,32.47,76,1005,2.28,多云,82,10000
1754860746,2025-08-10 21:19:06,28.42,32.65,77,1005,2.12,阴，多云,88,10000
1754864357,2025-08-10 22:19:17,28.26,32.26,77,1005,2.2,阴，多云,91,10000
1754867997,2025-08-10 23:19:57,28.91,34.71,81,1006,2.22,阴，多云,93,10000
1754877384,2025-08-11 01:56:24,30.67,34.39,61,1006,2.64,阴，多云,100,10000
1754883930,2025-08-11 03:45:30,32.05,35.47,54,1005,2.71,阴，多云,100,10000
1754887527,2025-08-11 04:45:27,33.35,37.63,52,1005,2.78,阴，多云,100,10000
1754889932,2025-08-11 05:25:32,33.44,37.83,52,1005,2.78,阴，多云,100,10000
1754894134,2025-08-11 06:35:34,34.7,38.89,47,1003,2.13,阴，多云,100,10000
1754897169,2025-08-11 07:26:09,34.73,39.67,49,1003,2.13,阴，多云,100,10000
1754901141,2025-08-11 08:32:21,33.61,38.88,54,1003,2.7,小雨,100,10000
1754904475,2025-08-11 09:27:55,33.63,40.01,57,1003,2.7,阴，多云,100,10000
1754907914,2025-08-11 10:25:14,32.32,39.17,64,1003,3.27,阴，多云,100,10000
1754911179,2025-08-11 11:19:39,31.04,37.71,70,1004,4.45,阴，多云,100,10000
1754916480,2025-08-11 12:48:00,30.29,35,67,1005,4.52,阴，多云,100,10000
1754919523,2025-08-11 13:38:43,29.98,34.52,68,1006,4.04,阴，多云,85,10000
1754922178,2025-08-11 14:22:58,29.88,35.23,72,1006,4.04,阴，多云,85,10000
1754925872,2025-08-11 15:24:32,29.96,35.68,73,1006,3.7,阴，多云,87,10000
1754929734,2025-08-11 16:28:54,29.47,34.66,74,1006,3.46,阴，多云,90,10000
1754932869,2025-08-11 17:21:09,29.22,34.68,77,1006,3.08,阴，多云,92,10000
1754937192,2025-08-11 18:33:12,28.97,33.62,75,1005,2.76,阴，多云,100,10000
1754939928,2025-08-11 19:18:48,28.37,32.87,79,1005,2.76,阴，多云,100,10000
1754943724,2025-08-11 20:22:04,28.45,33.07,79,1005,2.15,阴，多云,100,10000
1754947130,2025-08-11 21:18:50,28.26,32.59,79,1005,1.95,阴，多云,100,10000
1754950804,2025-08-11 22:20:04,28.13,32.76,82,1005,2.04,阴，多云,100,10000
1754954372,2025-08-11 23:19:32,28.47,33.68,82,1006,2.21,阴，多云,100,10000
1754963126,2025-08-12 01:45:26,30.81,34.45,60,1007,3.32,多云,50,10000
1754968652,2025-08-12 03:17:32,31.46,35.05,57,1007,3.31,多云,58,10000
1754972952,2025-08-12 04:29:12,32.39,35.62,52,1006,3.51,多云,69,10000
1754976040,2025-08-12 05:20:40,33.29,37.5,52,1005,3.6,多云,75,10000
1754980373,2025-08-12 06:32:53,33.96,36.73,45,1004,3.27,阴，多云,100,10000
1754983270,2025-08-12 07:21:10,34.69,38.19,45,1004,3.27,阴，多云,100,10000
1754987332,2025-08-12 08:28:52,33.99,37.4,47,1003,2.56,阴，多云,100,10000
1754990673,2025-08-12 09:24:33,33.47,36.95,49,1003,2.29,阴，多云,100,10000
1754994227,2025-08-12 10:23:47,32.02,35.68,55,1004,3.9,阴，多云,100,10000
1754997521,2025-08-12 11:18:41,31.15,34.91,59,1004,4.21,阴，多云,100,10000
1755002637,2025-08-12 12:43:57,29.93,33.95,66,1006,3.44,阴，多云,100,10000
1755005691,2025-08-12 13:34:51,29.78,34.06,68,1007,3.29,阴，多云,100,10000
1755008487,2025-08-12 14:21:27,29.71,34.34,70,1007,3.29,阴，多云,100,10000
1755012222,2025-08-12 15:23:42,29.42,33.88,71,1007,3.04,阴，多云,100,10000
1755016069,2025-08-12 16:27:49,29.27,34.16,74,1007,2.53,阴，多云,100,10000
1755019192,2025-08-12 17:19:52,29.15,33.86,74,1007,2.36,阴，多云,100,10000
1755023547,2025-08-12 18:32:27,28.89,32.85,72,1006,2.09,多云,50,10000
1755026223,2025-08-12 19:17:03,28.78,32.97,74,1007,2.09,多云,50,10000
1755030088,2025-08-12 20:21:28,28.55,32.61,75,1007,2.31,多云,45,10000
1755033583,2025-08-12 21:19:43,28.65,33.03,76,1007,2.15,多云,57,10000
1755037188,2025-08-12 22:19:48,28.51,32.87,77,1007,2.01,多云,68,10000
1755040791,2025-08-12 23:19:51,28.27,32.12,76,1007,1.81,多云,68,10000
1755049656,2025-08-13 01:47:36,31.12,35.36,61,1008,2.28,晴，少云,14,10000
1755055231,2025-08-13 03:20:31,32.08,35.81,55,1007,2.39,多云,27,10000
1755059461,2025-08-13 04:31:01,33.88,37.17,47,1005,2.37,多云,33,10000
1755062509,2025-08-13 05:21:49,33.97,37.36,47,1005,2.37,多云,33,10000
1755066783,2025-08-13 06:33:03,34.91,37.35,41,1003,3.1,多云,64,10000
1755069721,2025-08-13 07:22:01,34.64,37.76,44,1003,3.1,多云,64,10000
1755073762,2025-08-13 08:29:22,34.35,37.5,45,1002,3.66,多云,84,10000
1755077085,2025-08-13 09:24:45,33.7,37.43,49,1002,3.16,阴，多云,90,10000
1755080635,2025-08-13 10:23:55,32.47,34.99,49,1002,2.09,阴，多云,91,10000
1755083925,2025-08-13 11:18:45,31.87,34.86,53,1002,1.45,阴，多云,94,10000
1755088946,2025-08-13 12:42:26,31.36,34.12,54,1003,3.21,多云,57,10000
1755092148,2025-08-13 13:35:48,31.16,34.2,56,1003,2.79,多云,79,10000
1755094782,2025-08-13 14:19:42,31.08,34.77,59,1003,2.79,多云,79,10000
1755098404,2025-08-13 15:20:04,30.89,34.61,60,1003,2.61,阴，多云,86,10000
1755102207,2025-08-13 16:23:27,30.72,35.5,65,1003,2.62,阴，多云,89,10000
1755105428,2025-08-13 17:17:08,30.37,35.19,67,1002,2.87,阴，多云,91,10000
1755109837,2025-08-13 18:30:37,29.99,34.31,67,1002,2.67,阴，多云,100,10000
1755112630,2025-08-13 19:17:10,29.81,34.81,71,1001,2.67,阴，多云,100,10000
1755116625,2025-08-13 20:23:45,29.49,34.26,72,1001,2.64,阴，多云,100,10000
1755119960,2025-08-13 21:19:20,29.13,33.61,73,1001,2.75,阴，多云,100,10000
1755123611,2025-08-13 22:20:11,29.02,33.95,76,1002,2.88,阴，多云,100,10000
1755127096,2025-08-13 23:18:16,28.8,33.4,76,1002,3.18,阴，多云,100,10000
1755136069,2025-08-14 01:47:49,29.3,33.19,69,1004,1.72,阴，多云,100,10000
1755141450,2025-08-14 03:17:30,28.22,30.96,69,1004,1.89,阴，多云,100,10000
1755145864,2025-08-14 04:31:04,27.98,31.17,74,1004,4.94,中雨,100,10000
1755148875,2025-08-14 05:21:15,27.38,31.2,85,1004,4.94,中雨,100,10000
1755153206,2025-08-14 06:33:26,26.21,26.21,86,1004,3.76,中雨,100,10000
1755156107,2025-08-14 07:21:47,26.2,26.2,88,1004,3.76,中雨,100,10000
1755160191,2025-08-14 08:29:51,26.18,26.18,92,1004,4.73,大雨,100,2578
1755163515,2025-08-14 09:25:15,26.09,26.09,91,1004,5.9,中雨,100,7755
1755167037,2025-08-14 10:23:57,26.15,26.15,92,1004,6.55,大雨,100,10000
1755170322,2025-08-14 11:18:42,26.14,26.14,91,1005,5.69,大雨,100,10000
1755175580,2025-08-14 12:46:20,26.65,26.65,89,1007,4.18,大雨,100,10000
1755178572,2025-08-14 13:36:12,26.62,26.62,88,1008,4.76,大雨,100,10000
1755181202,2025-08-14 14:20:02,26.55,26.55,91,1008,4.76,中雨,100,10000
1755184999,2025-08-14 15:23:19,26.77,30.27,92,1008,4.77,中雨,100,4375
1755188895,2025-08-14 16:28:15,26.38,26.38,92,1008,4.71,中雨,99,4828
1755191866,2025-08-14 17:17:46,26.45,26.45,87,1008,5.1,中雨,100,10000
1755196302,2025-08-14 18:31:42,26.17,26.17,84,1007,4.56,大雨,100,10000
1755199029,2025-08-14 19:17:09,26.31,26.31,91,1008,4.56,中雨,100,10000
1755202796,2025-08-14 20:19:56,26.31,26.31,89,1008,4.01,小雨,100,10000
1755206365,2025-08-14 21:19:25,26.06,26.06,88,1008,3.68,小雨,100,8001
1755209997,2025-08-14 22:19:57,26.17,26.17,88,1008,4.24,阴，多云,100,10000
1755213334,2025-08-14 23:15:34,26.16,26.16,89,1008,4.42,小雨,100,10000
1755222504,2025-08-15 01:48:24,28.58,31.83,70,1010,4.9,阴，多云,100,10000
1755228116,2025-08-15 03:21:56,29.16,32.89,69,1009,5.16,中雨,94,10000
1755232307,2025-08-15 04:31:47,30.08,33.61,63,1008,4.76,阴，多云,96,10000
1755235313,2025-08-15 05:21:53,29.73,34.39,70,1008,4.76,阴，多云,96,10000
1755239557,2025-08-15 06:32:37,30.76,35.08,63,1007,5.79,阴，多云,87,10000
1755242422,2025-08-15 07:20:22,30.72,36.03,67,1007,5.79,中雨,87,10000
1755246317,2025-08-15 08:25:17,30.88,35.34,63,1007,6.06,小雨,78,10000
1755249768,2025-08-15 09:22:48,30.62,36.88,71,1007,6.03,多云,65,10000
1755253341,2025-08-15 10:22:21,30.36,35.67,69,1007,5.57,多云,58,10000
1755256630,2025-08-15 11:17:10,29.68,34.5,71,1008,4.57,多云,60,10000
1755261716,2025-08-15 12:41:56,29.18,32.55,67,1009,2.91,晴，少云,16,10000
1755264678,2025-08-15 13:31:18,28.93,32.22,68,1010,2.19,小雨,32,10000
1755267465,2025-08-15 14:17:45,28.62,32.77,75,1010,2.19,多云,32,10000
1755271311,2025-08-15 15:21:51,28.29,32.5,78,1010,1.73,多云,31,10000
1755275190,2025-08-15 16:26:30,28.17,32.36,79,1010,1.81,晴，少云,24,10000
1755278118,2025-08-15 17:15:18,28.14,32.29,79,1009,1.53,晴，少云,19,10000
1755282495,2025-08-15 18:28:15,27.52,31.44,84,1009,1.24,小雨,26,10000
1755285370,2025-08-15 19:16:10,27.47,31.44,85,1008,1.54,中雨,0,10000
1755289369,2025-08-15 20:22:49,27.39,31.23,85,1008,1.7,中雨,0,10000
1755292635,2025-08-15 21:17:15,27.25,30.98,86,1008,1.76,晴,0,10000
1755296397,2025-08-15 22:19:57,27.12,30.97,89,1008,1.65,晴,0,10000
1755299989,2025-08-15 23:19:49,27.79,32.62,87,1009,1.85,晴,0,10000
1755308567,2025-08-16 01:42:47,30.02,33.93,65,1009,2.67,晴,6,10000
1755314102,2025-08-16 03:15:02,31.3,36.88,65,1009,3,晴,5,10000
1755318404,2025-08-16 04:26:44,32.7,36.84,54,1008,3.68,晴,4,10000
1755321335,2025-08-16 05:15:35,33.36,38.3,54,1007,4.37,小雨,8,10000
1755325765,2025-08-16 06:29:25,33.63,37.59,50,1007,4.57,晴，少云,21,10000
1755328729,2025-08-16 07:18:49,32.79,35.6,49,1006,4.36,小雨,96,10000
1755332643,2025-08-16 08:24:03,32.33,34.24,47,1005,2.89,中雨,97,10000
1755336030,2025-08-16 09:20:30,31.22,32.21,46,1005,2.64,小雨,97,10000
1755339612,2025-08-16 10:20:12,31.58,33.39,49,1005,2.92,中雨,99,10000
1755342953,2025-08-16 11:15:53,31.07,33.14,52,1006,3.03,阴，多云,87,10000
1755347999,2025-08-16 12:39:59,30.34,33.49,60,1007,2.54,阴，多云,87,10000
1755350767,2025-08-16 13:26:07,29.76,33.37,65,1007,2.54,小雨,87,10000
1755353861,2025-08-16 14:17:41,29.53,33.29,67,1008,3.11,阴，多云,97,10000
1755357560,2025-08-16 15:19:20,28.67,32.54,73,1009,2.69,多云,74,10000
1755361424,2025-08-16 16:23:44,28.36,32.17,75,1009,2.45,多云,56,10000
1755364334,2025-08-16 17:12:14,28.02,31.69,77,1008,2.9,多云,45,3091
1755368891,2025-08-16 18:28:11,27.72,31.01,77,1008,2.11,多云,31,10000
1755371584,2025-08-16 19:13:04,27.8,30.92,75,1008,3.14,晴,5,10000
1755375673,2025-08-16 20:21:13,27.5,30.64,78,1008,3.67,晴,4,10000
1755379093,2025-08-16 21:18:13,27.18,30.14,80,1008,3.8,晴,3,10000
1755382750,2025-08-16 22:19:10,27.07,30.09,82,1008,3.78,晴,2,10000
1755386312,2025-08-16 23:18:32,27.16,30.31,82,1009,3.31,晴,2,10000
1755395606,2025-08-17 01:53:26,29.74,32.92,63,1009,3.41,晴,1,10000
1755401179,2025-08-17 03:26:19,30.42,33.65,60,1009,4.11,晴,2,10000
1755405190,2025-08-17 04:33:10,32.26,34.85,50,1008,5.47,晴，少云,22,10000
1755407914,2025-08-17 05:18:34,31.92,35.21,54,1008,5.47,晴，少云,22,10000
1755412224,2025-08-17 06:30:24,30.44,33.69,60,1008,5.66,大雨,100,10000
1755415140,2025-08-17 07:19:00,30.45,33.71,60,1008,5.66,中雨,100,10000
1755419221,2025-08-17 08:27:01,29.82,33.08,63,1007,4.74,阴，多云,100,10000
1755422409,2025-08-17 09:20:09,29.19,32.95,69,1007,5.85,小雨,100,10000
1755425977,2025-08-17 10:19:37,27.78,31.01,76,1007,5.08,阴，多云,100,10000
1755429389,2025-08-17 11:16:29,27.81,31.21,77,1008,5.33,阴，多云,100,10000
